06855230,1,0,1,0,521
06855230,2,0,0,1,239
06855230,3,0,0,1,128
06855230,4,0,0,0,249
06855230,5,0,1,0,236
06855230,6,0,0,1,206
06855230,7,0,0,1,26
06855230,8,0,0,1,226
06855230,9,0,0,0,40
06855230,10,0,1,0,346
06855230,11,0,0,1,165
06855230,12,0,0,0,136
06855230,13,0,1,0,249
06855230,14,0,0,1,152
06855230,15,0,0,0,428
06855230,16,0,0,1,238
06855230,17,0,0,0,232
06855230,18,0,0,0,232
06855230,19,1,0,0,29
06855230,20,2,1,0,1
06855230,21,2,0,1,102
06855230,22,2,0,1,104
06855230,23,2,0,0,289
06855230,24,2,0,0,287
06855230,25,3,0,0,177
06855230,26,1,0,1,34
06855230,27,1,1,0,96
06855230,28,1,1,0,130
06855230,29,1,0,0,24
06855230,30,1,0,0,206
06855230,31,3,0,0,296
06855230,32,1,0,0,105
06855230,33,2,0,1,121
06855230,34,2,0,1,208
06855230,35,2,0,1,184
06855230,36,2,0,1,146
06855230,37,2,0,1,22
06855230,38,2,0,1,17
06855230,39,2,0,0,400
06855230,40,3,0,0,64
06855230,41,2,0,1,131
06855230,42,2,0,1,82
06855230,43,2,0,1,105
06855230,44,2,0,1,104
06855230,45,2,0,1,32
06855230,46,2,0,1,2
06855230,47,2,0,1,196
06855230,48,2,0,0,88
06855230,49,0,0,1,294
06855230,50,0,0,1,103
06855230,51,0,0,0,33
06855230,52,0,0,1,120
06855230,53,0,0,0,128
06855230,54,1,0,1,96
06855230,55,1,0,1,46
06855230,56,1,0,1,65
06855230,57,1,0,1,159
06855230,58,1,1,0,14
06855230,59,1,0,1,136
06855230,60,1,0,1,88
06855230,61,1,1,0,279
06855230,62,1,0,1,16
06855230,63,1,0,0,206
06855230,64,2,1,0,417
06855230,65,2,0,1,164
06855230,66,2,0,1,184
06855230,67,2,0,1,85
06855230,68,2,0,1,189
06855230,69,2,1,0,48
06855230,70,2,0,1,74
06855230,71,2,0,0,226
06855230,72,0,1,0,2
06855230,73,0,1,0,166
06855230,74,0,0,1,190
06855230,75,0,1,0,173
06855230,76,0,0,0,202
06855230,77,3,0,0,26
06855230,78,2,0,1,245
06855230,79,2,0,0,130
06855230,80,0,0,1,269
06855230,81,0,0,1,38
06855230,82,0,0,0,284
06855230,83,2,0,0,243
06855230,84,1,1,0,132
06855230,85,1,0,1,143
06855230,86,1,1,0,222
06855230,87,1,0,1,71
06855230,88,1,1,0,1
06855230,89,1,1,0,67
06855230,90,1,1,0,223
06855230,91,1,0,1,239
06855230,92,1,0,0,21
06855230,93,2,0,1,253
06855230,94,2,0,1,92
06855230,95,2,0,1,176
06855230,96,2,1,0,176
06855230,97,2,0,0,333
06855230,98,0,0,1,213
06855230,99,0,1,0,188
06855230,100,0,0,1,183
06855230,101,0,0,0,32
06855230,102,2,1,0,362
06855230,103,2,1,0,183
06855230,104,2,0,1,94
06855230,105,2,0,1,212
06855230,106,2,0,0,208
06855230,107,2,0,1,31
06855230,108,2,0,1,43
06855230,109,2,0,0,88
06855230,110,2,1,0,58
06855230,111,2,1,0,71
06855230,112,2,0,1,68
06855230,113,2,0,1,102
06855230,114,2,0,0,38
06855230,115,2,0,0,167
06855230,116,1,1,0,348
06855230,117,1,1,0,84
06855230,118,1,0,0,127
06855230,119,1,0,1,70
06855230,120,1,1,0,94
06855230,121,1,0,1,33
06855230,122,1,1,0,120
06855230,123,1,0,1,74
06855230,124,1,0,0,6
06855230,125,1,0,1,99
06855230,126,1,0,0,61
06855230,127,1,0,1,100
06855230,128,1,0,0,220
06855230,129,1,1,0,1
06855230,130,1,0,0,172
06855230,131,1,1,0,274
06855230,132,1,0,1,150
06855230,133,1,1,0,44
06855230,134,1,0,0,124
06855230,135,1,0,0,24
06855230,136,0,0,0,363
06855230,137,3,1,0,267
06855230,138,3,1,0,232
06855230,139,3,1,0,206
06855230,140,3,1,0,204
06855230,141,3,0,1,60
06855230,142,3,1,0,73
06855230,143,3,1,0,82
06855230,144,3,1,0,69
06855230,145,3,1,0,140
06855230,146,3,1,0,358
06855230,147,3,1,0,41
06855230,148,3,1,0,0
06855230,149,3,1,0,119
06855230,150,3,1,0,175
06855230,151,3,1,0,205
06855230,152,3,0,1,284
06855230,153,3,1,0,59
06855230,154,3,1,0,53
06855230,155,3,0,0,189
06855230,156,3,1,0,242
06855230,157,3,1,0,171
06855230,158,3,1,0,230
06855230,159,3,1,0,243
06855230,160,3,1,0,339
06855230,161,3,1,0,269
06855230,162,3,1,0,82
06855230,163,3,0,0,54
06855230,164,3,1,0,235
06855230,165,3,0,0,85
06855230,166,3,1,0,59
06855230,167,3,0,0,179
06855230,168,3,1,0,117
06855230,169,3,1,0,135
06855230,170,3,0,0,195
06855230,171,3,1,0,266
06855230,172,3,0,0,228
06855230,173,3,0,0,237
06855230,174,2,0,1,184
06855230,175,2,0,1,226
06855230,176,2,0,0,227
06855230,177,2,0,0,162
06855230,178,1,0,0,266
06855230,179,0,0,0,164
06855230,180,1,0,0,92
06855230,181,3,1,0,71
06855230,182,3,0,0,248
06855230,183,3,1,0,146
06855230,184,3,0,0,184
06855230,185,3,0,0,195
06855230,186,2,1,0,3
06855230,187,2,0,1,74
06855230,188,2,0,0,13
06855230,189,2,1,0,50
06855230,190,2,0,1,616
06855230,191,2,0,1,78
06855230,192,2,0,1,75
06855230,193,2,0,1,54
06855230,194,2,1,0,6
06855230,195,2,0,1,86
06855230,196,2,0,1,65
06855230,197,2,1,0,209
06855230,198,2,0,1,204
06855230,199,2,1,0,1
06855230,200,2,0,0,145
06855230,201,3,1,0,295
06855230,202,3,1,0,87
06855230,203,3,0,0,18
06855230,204,2,0,1,175
06855230,205,2,0,1,10
06855230,206,2,0,1,242
06855230,207,2,0,1,194
06855230,208,2,0,1,75
06855230,209,2,0,1,47
06855230,210,2,0,0,26
06855230,211,3,1,0,2
06855230,212,3,1,0,232
06855230,213,3,0,0,160
06855230,214,2,0,0,18
06855230,215,1,0,0,151
06855230,216,0,0,0,167
06855230,217,3,1,0,216
06855230,218,3,0,0,210
06855230,219,3,0,0,40
06855230,220,2,0,1,120
06855230,221,2,0,0,96
06855230,222,3,1,0,208
06855230,223,3,0,0,232
06855230,224,2,0,1,366
06855230,225,2,0,1,193
06855230,226,2,0,0,38
06855230,227,3,1,0,193
06855230,228,3,1,0,1
06855230,229,3,1,0,458
06855230,230,3,1,0,24
06855230,231,3,1,0,266
06855230,232,3,1,0,8
06855230,233,3,0,0,16
06855230,234,3,1,0,312
06855230,235,3,1,0,220
06855230,236,3,0,1,895
06855230,237,3,0,1,201
06855230,238,3,1,0,151
06855230,239,3,0,0,155
06855230,240,3,1,0,86
06855230,241,3,1,0,623
06855230,242,3,1,0,31
06855230,243,3,1,0,135
06855230,244,3,1,0,89
06855230,245,3,1,0,16
06855230,246,3,0,1,80
06855230,247,3,1,0,404
06855230,248,3,1,0,226
06855230,249,3,1,0,145
06855230,250,3,1,0,311
06855230,251,3,0,1,209
06855230,252,3,1,0,321
06855230,253,3,1,0,85
06855230,254,3,1,0,141
06855230,255,3,1,0,401
06855230,256,3,0,0,71
06855230,257,3,0,0,162
06855230,258,3,0,0,101
06855230,259,2,0,0,5
06855230,260,1,0,0,157
06855230,261,0,1,0,40
06855230,262,0,0,0,233
06855230,263,0,0,0,111
06855230,264,0,0,1,245
06855230,265,0,1,0,171
06855230,266,0,0,0,191
06855230,267,0,1,0,22
06855230,268,0,0,0,49
06855230,269,0,0,0,237
06855230,270,1,0,1,281
06855230,271,1,0,0,180
06855230,272,1,0,1,43
06855230,273,1,0,0,35
06855230,274,2,0,1,113
06855230,275,2,0,0,221
06855230,276,2,0,0,40
06855230,277,3,1,0,247
06855230,278,3,1,0,142
06855230,279,3,1,0,192
06855230,280,3,0,0,110
06855230,281,3,1,0,1
06855230,282,3,1,0,274
06855230,283,3,1,0,24
06855230,284,3,0,0,278
06855230,285,3,0,0,150
06855230,286,2,0,0,255
06855230,287,1,0,0,230
06855230,288,0,0,1,183
06855230,289,0,0,1,50
06855230,290,0,0,0,128
06855230,291,0,0,0,57
06855230,292,1,0,0,248
06855230,293,2,0,0,127
06855230,294,3,0,0,70
06855230,295,0,0,0,7
06855230,296,1,0,0,5
06855230,297,2,0,0,159
06855230,298,3,1,0,227
06855230,299,3,1,0,78
06855230,300,3,0,0,241
06855230,301,3,0,0,142
06855230,302,0,1,0,5
06855230,303,0,0,0,96
06855230,304,0,1,0,99
06855230,305,0,1,0,76
06855230,306,0,0,0,16
06855230,307,0,0,0,407
06855230,308,3,0,0,71
06855230,309,1,0,0,31
06855230,310,2,0,0,151
06855230,311,1,1,0,252
06855230,312,1,0,0,180
06855230,313,3,1,0,247
06855230,314,3,0,0,250
06855230,315,1,0,0,233
06855230,316,2,0,0,115
06855230,317,0,0,0,38
06855230,318,3,0,0,116
06855230,319,2,0,0,166
06855230,320,1,0,0,184
06855230,321,1,0,0,22
06855230,322,3,0,0,307
06855230,323,2,0,0,159
06855230,324,3,0,0,307
06855230,325,3,0,1,69
06855230,326,3,0,0,1
06855230,327,0,0,0,41
06855230,328,1,0,0,235
06855230,329,2,0,0,169
06855230,330,3,1,0,262
06855230,331,3,0,0,228
06855230,332,3,1,0,283
06855230,333,3,1,0,236
06855230,334,3,0,1,140
06855230,335,3,0,0,7
06855230,336,3,0,0,56
06855230,337,2,0,0,93
06855230,338,1,0,0,94
06855230,339,3,1,0,6
06855230,340,3,1,0,109
06855230,341,3,0,0,47
06855230,342,3,0,0,177
06855230,343,3,0,0,228
06855230,344,0,0,1,132
06855230,345,0,1,0,69
06855230,346,0,0,0,131
06855230,347,0,0,0,45
06855230,348,0,0,0,245
06855230,349,3,0,1,197
06855230,350,3,1,0,196
06855230,351,3,0,1,109
06855230,352,3,1,0,162
06855230,353,3,1,0,174
06855230,354,3,0,0,101
06855230,355,3,0,0,864
06855230,356,0,1,0,108
06855230,357,0,0,0,89
06855230,358,0,0,0,20
06855230,359,1,0,1,147
06855230,360,1,0,0,237
20757599,1,1,0,1,3153
20757599,2,1,1,0,414
20757599,3,1,0,1,488
20757599,4,1,1,0,43
20757599,5,0,0,0,351
20757599,6,3,0,0,93
20757599,7,1,0,0,1307
20757599,8,1,1,0,224
20757599,9,1,0,1,720
20757599,10,1,0,0,19
20757599,11,1,0,1,128
20757599,12,1,0,0,738
20757599,13,0,1,0,254
20757599,14,0,1,0,1657
20757599,15,0,1,0,550
20757599,16,0,1,0,1106
20757599,17,0,0,1,887
20757599,18,0,0,1,459
20757599,19,0,0,1,555
20757599,20,0,1,0,1214
20757599,21,1,0,1,4121
20757599,22,0,1,0,272
20757599,23,0,0,1,520
20757599,24,0,0,1,451
20757599,25,1,0,1,392
20757599,26,0,1,0,425
20757599,27,0,1,0,602
20757599,28,0,1,0,698
20757599,29,0,1,0,958
20757599,30,0,1,0,951
20757599,31,1,1,0,764
20757599,32,2,0,0,664
20757599,33,1,0,1,383
20757599,34,0,1,0,320
20757599,35,0,1,0,417
20757599,36,1,0,1,335
20757599,37,0,1,0,585
20757599,38,1,0,0,465
20757599,39,0,0,0,749
20757599,40,0,0,1,1036
20757599,41,0,0,1,224
20757599,42,0,1,0,552
20757599,43,1,0,0,1559
20757599,44,0,1,0,460
20757599,45,1,0,0,367
20757599,46,0,0,1,127
20757599,47,0,1,0,167
20757599,48,0,1,0,326
20757599,49,0,0,1,870
20757599,50,0,1,0,239
20757599,51,0,1,0,1376
20757599,52,0,1,0,2334
20757599,53,0,1,0,357
20757599,54,0,0,1,71
20757599,55,0,1,0,1175
20757599,56,0,1,0,383
20757599,57,0,1,0,420
20757599,58,0,1,0,1461
20757599,59,1,1,0,2322
20757599,60,0,1,0,432
20757599,61,1,1,0,702
20757599,62,0,1,0,611
20757599,63,1,1,0,404
20757599,64,0,0,1,32
20757599,65,0,0,0,268
20757599,66,1,0,1,1845
20757599,67,0,1,0,37
20757599,68,1,1,0,1231
20757599,69,1,1,0,93
20757599,70,1,0,1,285
20757599,71,0,1,0,703
20757599,72,1,1,0,302
20757599,73,0,1,0,468
20757599,74,0,1,0,1
20757599,75,1,0,1,710
20757599,76,0,1,0,718
20757599,77,1,0,1,278
20757599,78,0,0,1,326
20757599,79,1,1,0,1369
20757599,80,1,0,1,84
20757599,81,0,1,0,544
20757599,82,1,0,0,1755
20757599,83,0,1,0,1422
20757599,84,1,0,1,87
20757599,85,0,1,0,575
20757599,86,0,1,0,375
20757599,87,1,0,0,214
20757599,88,1,0,1,846
20757599,89,0,1,0,639
20757599,90,1,0,1,5807
20757599,91,0,1,0,222
20757599,92,0,0,1,229
20757599,93,1,0,1,87
20757599,94,0,1,0,951
20757599,95,1,0,1,101
20757599,96,0,0,1,509
20757599,97,1,0,1,398
20757599,98,0,1,0,1382
20757599,99,1,1,0,1918
20757599,100,0,1,0,476
20757599,101,0,0,1,708
20757599,102,1,1,0,3126
20757599,103,0,1,0,438
20757599,104,1,0,1,1182
20757599,105,0,1,0,415
20757599,106,1,1,0,414
20757599,107,0,1,0,461
20757599,108,1,0,0,69
20757599,109,0,1,0,29
20757599,110,1,0,0,101
20757599,111,0,1,0,333
20757599,112,1,0,1,398
20757599,113,1,0,1,125
20757599,114,0,0,1,247
20757599,115,1,0,1,909
20757599,116,0,0,0,454
20757599,117,1,0,1,21
20757599,118,0,0,1,333
20757599,119,1,1,0,220
20757599,120,0,1,0,214
20757599,121,1,0,1,178
20757599,122,0,1,0,350
20757599,123,1,0,1,494
20757599,124,0,1,0,711
20757599,125,1,1,0,255
20757599,126,0,0,1,30
20757599,127,1,0,1,117
20757599,128,0,0,0,99
20757599,129,0,0,0,134
20757599,130,1,1,0,1347
20757599,131,0,0,1,1046
20757599,132,1,0,1,373
20757599,133,0,1,0,999
20757599,134,1,0,0,335
20757599,135,1,1,0,711
20757599,136,1,1,0,694
20757599,137,0,1,0,333
20757599,138,1,0,0,1950
20757599,139,0,0,1,189
20757599,140,1,0,0,311
20757599,141,0,0,0,574
20757599,142,1,0,0,215
20757599,143,0,0,0,333
20757599,144,1,0,0,372
20757599,145,2,0,0,303
20757599,146,3,0,0,342
20757599,147,2,0,0,741
20757599,148,1,0,0,1604
20757599,149,0,1,0,2463
20757599,150,0,0,0,1183
20757599,151,0,1,0,814
20757599,152,0,0,0,574
20757599,153,1,0,0,653
20757599,154,0,0,1,581
20757599,155,1,0,0,269
20757599,156,0,0,0,373
20757599,157,2,1,0,327
20757599,158,2,0,0,494
20757599,159,2,1,0,206
20757599,160,2,0,0,357
20757599,161,2,0,0,284
20757599,162,2,0,0,253
20757599,163,1,0,0,316
20757599,164,1,0,1,1037
20757599,165,0,1,0,1319
20757599,166,1,0,0,229
20757599,167,2,0,0,430
20757599,168,1,0,0,551
20757599,169,1,0,0,21
20757599,170,0,0,0,1181
20757599,171,3,0,1,748
20757599,172,3,0,0,758
20757599,173,2,0,1,445
20757599,174,1,0,0,541
20757599,175,3,0,1,1149
20757599,176,2,1,0,517
20757599,177,2,1,0,1812
20757599,178,2,0,0,428
20757599,179,2,0,1,765
20757599,180,2,0,0,781
20757599,181,2,0,0,605
20757599,182,1,0,0,460
20757599,183,1,0,1,581
20757599,184,0,1,0,293
20757599,185,0,0,0,470
20757599,186,1,0,0,276
20757599,187,0,0,0,501
20757599,188,1,0,1,235
20757599,189,1,0,0,1028
20757599,190,2,0,1,294
20757599,191,2,0,0,924
20757599,192,2,0,0,822
20757599,193,2,0,0,629
20757599,194,2,0,0,1413
20757599,195,2,0,0,491
20757599,196,1,1,0,547
20757599,197,2,0,0,327
20757599,198,0,0,1,452
20757599,199,0,0,0,861
20757599,200,1,0,1,44
20757599,201,2,0,0,101
20757599,202,1,0,1,131
20757599,203,0,0,0,245
20757599,204,1,0,0,165
20757599,205,2,1,0,443
20757599,206,3,0,0,0
20757599,207,0,0,1,542
20757599,208,0,0,0,782
20757599,209,1,1,0,444
20757599,210,1,0,0,156
20757599,211,0,1,0,269
20757599,212,2,0,1,308
20757599,213,1,0,0,44
20757599,214,0,0,0,372
20757599,215,1,0,1,452
20757599,216,1,0,0,12
20757599,217,2,0,0,101
20757599,218,3,0,1,77
20757599,219,1,1,0,267
20757599,220,0,1,0,933
20757599,221,2,1,0,501
20757599,222,2,0,0,1548
20757599,223,2,1,0,19
20757599,224,3,0,1,253
20757599,225,0,0,0,204
20757599,226,1,0,0,396
20757599,227,0,0,0,229
20757599,228,1,0,0,524
20757599,229,2,0,0,581
20757599,230,3,0,0,380
20757599,231,1,0,1,555
20757599,232,0,0,0,452
20757599,233,2,0,0,36
20757599,234,1,1,0,651
20757599,235,0,0,0,692
20757599,236,0,1,0,612
20757599,237,0,1,0,91
20757599,238,1,0,1,300
20757599,239,0,0,0,460
20757599,240,1,0,0,332
20757599,241,2,1,0,268
20757599,242,3,0,1,347
20757599,243,1,0,0,268
20757599,244,0,0,0,388
20757599,245,1,1,0,621
20757599,246,1,0,1,996
20757599,247,0,1,0,661
20757599,248,2,0,0,699
20757599,249,3,0,0,292
20757599,250,2,0,0,468
20757599,251,1,0,0,250
20757599,252,0,0,0,100
20757599,253,3,0,0,397
20757599,254,2,0,1,389
20757599,255,2,0,0,499
20757599,256,1,0,0,373
20757599,257,1,0,0,533
20757599,258,1,0,0,997
20757599,259,2,0,0,924
20757599,260,3,0,1,244
20757599,261,3,0,0,466
20757599,262,3,0,0,588
20757599,263,3,0,1,1597
20757599,264,3,0,0,1397
20757599,265,3,0,0,453
20757599,266,1,0,1,613
20757599,267,1,0,0,1500
20757599,268,1,1,0,1043
20757599,269,1,0,0,676
20757599,270,1,0,0,28
20757599,271,2,0,0,77
20757599,272,0,0,0,76
20757599,273,3,0,1,195
20757599,274,3,0,0,525
20757599,275,2,1,0,372
20757599,276,2,0,0,1307
20757599,277,3,0,0,384
20757599,278,2,1,0,333
20757599,279,0,0,0,307
20757599,280,1,0,1,219
20757599,281,2,0,0,100
20757599,282,2,1,0,1203
20757599,283,0,0,0,28
20757599,284,2,1,0,268
20757599,285,2,0,0,429
20757599,286,1,0,0,19
20757599,287,0,0,0,477
20757599,288,3,0,1,283
20757599,289,3,0,1,726
20757599,290,3,0,0,1268
20757599,291,2,0,0,348
20757599,292,1,0,0,563
20757599,293,0,0,0,315
20757599,294,3,0,0,612
20757599,295,2,0,1,283
20757599,296,1,0,0,389
20757599,297,0,0,0,492
20757599,298,1,0,0,60
20757599,299,2,0,0,674
20757599,300,3,0,1,164
20757599,301,3,1,0,178
20757599,302,3,0,1,122
20757599,303,3,0,0,42
20757599,304,0,0,1,498
20757599,305,3,0,0,180
20757599,306,0,0,0,132
20757599,307,1,0,1,99
20757599,308,2,0,0,221
20757599,309,1,0,0,483
20757599,310,3,0,0,651
20757599,311,0,0,0,243
20757599,312,0,0,0,83
20757599,313,0,0,0,196
20757599,314,1,0,0,28
20757599,315,2,1,0,796
20757599,316,2,0,1,76
20757599,317,2,0,0,133
20757599,318,2,0,0,195
20757599,319,2,0,0,571
20757599,320,2,0,0,507
20757599,321,2,1,0,572
20757599,322,2,0,0,316
20757599,323,2,0,0,68
20757599,324,2,0,0,267
20757599,325,2,1,0,538
20757599,326,3,0,0,60
20757599,327,1,0,0,115
20757599,328,2,0,0,236
20757599,329,0,0,0,166
20757599,330,2,0,0,29
20757599,331,1,0,1,333
20757599,332,1,0,0,684
20757599,333,2,0,0,3
20757599,334,0,0,0,154
20757599,335,3,0,1,227
20757599,336,3,0,0,85
20757599,337,2,0,1,27
20757599,338,3,1,0,92
20757599,339,3,0,0,231
20757599,340,3,0,0,203
20757599,341,1,0,0,613
20757599,342,0,0,0,132
20757599,343,1,0,0,282
20757599,344,2,0,0,770
20757599,345,3,0,0,284
20757599,346,0,0,0,699
20757599,347,1,0,0,326
20757599,348,2,0,1,12
20757599,349,2,0,0,249
20757599,350,2,0,1,236
20757599,351,2,0,1,571
20757599,352,2,0,0,906
20757599,353,2,0,0,12
20757599,354,2,1,0,323
20757599,355,3,0,1,211
20757599,356,2,0,0,427
20757599,357,3,0,0,453
20757599,358,2,0,0,53
20757599,359,3,0,0,1069
20757599,360,2,1,0,155
29368201,1,0,0,1,1357
29368201,2,1,0,1,349
29368201,3,2,1,0,239
29368201,4,3,0,0,373
29368201,5,0,0,0,272
29368201,6,1,0,0,270
29368201,7,2,0,1,279
29368201,8,2,0,0,294
29368201,9,3,0,0,282
29368201,10,0,0,0,858
29368201,11,1,0,0,92
29368201,12,2,0,0,204
29368201,13,2,0,0,484
29368201,14,0,0,1,228
29368201,15,1,0,1,158
29368201,16,0,0,0,262
29368201,17,1,0,0,238
29368201,18,2,1,0,194
29368201,19,1,0,0,543
29368201,20,0,0,0,259
29368201,21,2,1,0,192
29368201,22,3,1,0,314
29368201,23,2,1,0,213
29368201,24,3,0,0,215
29368201,25,2,0,0,137
29368201,26,0,0,0,192
29368201,27,1,0,0,56
29368201,28,2,0,0,216
29368201,29,3,0,0,111
29368201,30,3,0,0,181
29368201,31,2,0,0,216
29368201,32,1,0,0,123
29368201,33,0,0,0,295
29368201,34,0,0,0,56
29368201,35,0,0,0,58
29368201,36,1,0,0,168
29368201,37,1,0,0,58
29368201,38,2,1,0,137
29368201,39,2,0,0,270
29368201,40,2,1,0,78
29368201,41,2,0,0,250
29368201,42,2,0,0,104
29368201,43,0,0,0,173
29368201,44,1,0,1,45
29368201,45,2,0,1,227
29368201,46,3,0,0,135
29368201,47,0,0,0,194
29368201,48,1,1,0,249
29368201,49,2,0,0,138
29368201,50,1,0,0,33
29368201,51,2,0,0,23
29368201,52,1,0,1,57
29368201,53,1,1,0,856
29368201,54,1,0,0,179
29368201,55,0,0,0,246
29368201,56,3,0,0,56
29368201,57,1,0,0,80
29368201,58,2,0,1,80
29368201,59,2,0,0,114
29368201,60,1,0,1,112
29368201,61,2,0,0,149
29368201,62,1,0,1,124
29368201,63,1,0,1,135
29368201,64,1,0,1,46
29368201,65,1,1,0,203
29368201,66,1,1,0,100
29368201,67,1,0,1,159
29368201,68,1,0,1,270
29368201,69,1,1,0,13
29368201,70,1,0,0,251
29368201,71,1,0,1,340
29368201,72,1,1,0,57
29368201,73,1,0,0,270
29368201,74,1,0,1,238
29368201,75,1,0,0,102
29368201,76,2,0,0,81
29368201,77,0,0,0,114
29368201,78,1,1,0,68
29368201,79,1,0,1,1114
29368201,80,1,0,1,68
29368201,81,1,0,1,205
29368201,82,1,0,1,270
29368201,83,1,0,1,247
29368201,84,1,1,0,237
29368201,85,1,0,1,181
29368201,86,1,0,0,203
29368201,87,1,0,1,90
29368201,88,1,0,0,182
29368201,89,1,0,1,203
29368201,90,1,0,0,204
29368201,91,1,1,0,192
29368201,92,1,0,1,248
29368201,93,1,0,0,35
29368201,94,2,1,0,260
29368201,95,2,0,0,191
29368201,96,1,0,0,405
29368201,97,0,0,0,225
29368201,98,3,0,0,236
29368201,99,1,0,1,417
29368201,100,1,0,1,102
29368201,101,1,0,0,248
29368201,102,2,0,0,68
29368201,103,1,0,1,90
29368201,104,1,0,0,111
29368201,105,1,0,0,134
29368201,106,1,0,1,170
29368201,107,1,0,0,101
29368201,108,1,1,0,44
29368201,109,1,0,1,137
29368201,110,1,0,1,56
29368201,111,1,0,1,170
29368201,112,1,0,0,238
29368201,113,2,0,0,68
29368201,114,1,0,0,157
29368201,115,0,0,0,179
29368201,116,1,0,1,102
29368201,117,1,0,1,134
29368201,118,1,0,1,179
29368201,119,1,1,0,77
29368201,120,1,0,1,91
29368201,121,1,0,1,957
29368201,122,1,0,1,260
29368201,123,1,0,1,303
29368201,124,1,0,1,147
29368201,125,1,0,0,78
29368201,126,1,0,1,168
29368201,127,1,0,1,101
29368201,128,1,0,1,258
29368201,129,1,0,1,177
29368201,130,1,1,0,259
29368201,131,1,0,0,182
29368201,132,2,0,1,123
29368201,133,2,1,0,55
29368201,134,2,0,1,248
29368201,135,2,0,1,214
29368201,136,2,1,0,216
29368201,137,2,1,0,234
29368201,138,2,0,0,237
29368201,139,1,0,1,124
29368201,140,1,0,1,102
29368201,141,1,0,0,135
29368201,142,2,0,1,109
29368201,143,2,0,0,67
29368201,144,1,0,0,113
29368201,145,0,1,0,216
29368201,146,0,0,1,146
29368201,147,0,0,1,237
29368201,148,0,0,0,146
29368201,149,3,0,0,111
29368201,150,1,0,1,146
29368201,151,2,0,0,101
29368201,152,1,0,0,125
29368201,153,0,1,0,56
29368201,154,0,0,1,294
29368201,155,0,0,1,325
29368201,156,0,1,0,259
29368201,157,0,1,0,506
29368201,158,0,0,0,787
29368201,159,1,0,1,293
29368201,160,1,0,0,418
29368201,161,0,1,0,224
29368201,162,0,0,0,338
29368201,163,2,0,0,67
29368201,164,0,0,1,125
29368201,165,3,1,0,98
29368201,166,3,1,0,147
29368201,167,3,1,0,312
29368201,168,3,0,1,214
29368201,169,3,0,1,225
29368201,170,3,1,0,169
29368201,171,3,1,0,19
29368201,172,3,0,1,224
29368201,173,3,1,0,266
29368201,174,3,1,0,214
29368201,175,3,0,0,204
29368201,176,1,0,0,212
29368201,177,3,0,0,32
29368201,178,2,1,0,136
29368201,179,2,1,0,223
29368201,180,2,0,0,292
29368201,181,2,1,0,291
29368201,182,2,1,0,214
29368201,183,2,0,0,257
29368201,184,1,0,0,170
29368201,185,0,0,0,78
29368201,186,3,1,0,178
29368201,187,3,1,0,145
29368201,188,3,1,0,483
29368201,189,3,1,0,99
29368201,190,3,1,0,1483
29368201,191,3,1,0,235
29368201,192,3,1,0,327
29368201,193,3,1,0,222
29368201,194,3,0,1,807
29368201,195,3,0,1,518
29368201,196,3,1,0,379
29368201,197,3,1,0,304
29368201,198,3,0,1,360
29368201,199,3,0,1,291
29368201,200,3,1,0,178
29368201,201,3,1,0,267
29368201,202,3,1,0,299
29368201,203,3,1,0,326
29368201,204,3,0,1,337
29368201,205,3,0,1,1723
29368201,206,3,0,1,67
29368201,207,3,0,1,133
29368201,208,3,0,1,234
29368201,209,3,0,1,180
29368201,210,3,1,0,755
29368201,211,3,1,0,293
29368201,212,3,1,0,257
29368201,213,3,1,0,154
29368201,214,3,0,1,190
29368201,215,3,0,1,212
29368201,216,3,1,0,246
29368201,217,3,1,0,224
29368201,218,3,0,1,145
29368201,219,3,0,1,200
29368201,220,3,1,0,181
29368201,221,3,1,0,321
29368201,222,3,1,0,192
29368201,223,3,1,0,324
29368201,224,3,0,0,326
29368201,225,3,1,0,77
29368201,226,3,1,0,123
29368201,227,3,0,1,179
29368201,228,3,0,1,255
29368201,229,3,0,0,282
29368201,230,3,0,1,89
29368201,231,3,0,1,129
29368201,232,3,1,0,247
29368201,233,3,1,0,225
29368201,234,3,0,0,201
29368201,235,3,1,0,144
29368201,236,3,0,0,144
29368201,237,3,0,0,300
29368201,238,1,0,0,214
29368201,239,2,0,0,75
29368201,240,0,0,0,259
29368201,241,3,0,0,199
29368201,242,1,0,1,101
29368201,243,1,1,0,122
29368201,244,1,0,0,213
29368201,245,2,0,0,213
29368201,246,0,1,0,101
29368201,247,0,0,0,100
29368201,248,1,0,1,22
29368201,249,1,0,0,98
29368201,250,0,0,1,234
29368201,251,1,0,1,46
29368201,252,0,0,0,222
29368201,253,2,0,0,142
29368201,254,1,0,0,33
29368201,255,3,1,0,124
29368201,256,3,1,0,87
29368201,257,3,0,0,279
29368201,258,3,1,0,4606
29368201,259,3,1,0,258
29368201,260,3,0,0,257
29368201,261,1,0,1,64
29368201,262,0,1,0,154
29368201,263,2,0,1,121
29368201,264,1,1,0,86
29368201,265,0,0,1,145
29368201,266,1,0,0,68
29368201,267,2,0,1,55
29368201,268,3,1,0,65
29368201,269,2,1,0,88
29368201,270,2,1,0,67
29368201,271,2,1,0,112
29368201,272,2,1,0,304
29368201,273,2,0,1,323
29368201,274,2,0,1,154
29368201,275,2,0,0,166
29368201,276,3,0,1,30
29368201,277,3,1,0,156
29368201,278,3,1,0,235
29368201,279,3,1,0,165
29368201,280,3,0,1,145
29368201,281,3,1,0,65
29368201,282,3,1,0,233
29368201,283,3,0,0,211
29368201,284,1,0,1,78
29368201,285,2,0,1,144
29368201,286,1,0,1,31
29368201,287,2,1,0,90
29368201,288,1,0,1,97
29368201,289,2,1,0,53
29368201,290,1,0,1,65
29368201,291,1,0,0,109
29368201,292,2,0,1,20
29368201,293,1,0,1,88
29368201,294,2,0,1,1
29368201,295,1,0,1,265
29368201,296,2,0,1,31
29368201,297,2,0,1,168
29368201,298,1,0,0,186
29368201,299,2,0,0,235
29368201,300,0,1,0,381
29368201,301,0,0,1,64
29368201,302,0,1,0,145
29368201,303,0,1,0,322
29368201,304,0,0,0,154
29368201,305,3,1,0,89
29368201,306,2,0,1,55
29368201,307,3,1,0,132
29368201,308,3,1,0,166
29368201,309,3,0,0,88
29368201,310,2,1,0,55
29368201,311,2,0,1,110
29368201,312,2,0,0,111
29368201,313,1,0,1,271
29368201,314,1,0,1,158
29368201,315,1,0,0,324
29368201,316,2,0,1,616
29368201,317,2,0,0,730
29368201,318,0,0,1,325
29368201,319,0,1,0,196
29368201,320,0,0,0,211
29368201,321,1,0,0,155
29368201,322,0,0,1,123
29368201,323,0,0,0,79
29368201,324,2,1,0,135
29368201,325,3,0,0,97
29368201,326,2,1,0,506
29368201,327,2,0,1,325
29368201,328,2,1,0,829
29368201,329,1,0,0,154
29368201,330,2,1,0,110
29368201,331,3,0,0,335
29368201,332,2,1,0,122
29368201,333,3,0,0,528
29368201,334,2,1,0,314
29368201,335,1,0,0,516
29368201,336,2,0,1,65
29368201,337,2,0,1,144
29368201,338,2,1,0,335
29368201,339,2,1,0,86
29368201,340,2,0,1,348
29368201,341,2,1,0,299
29368201,342,2,0,1,313
29368201,343,2,1,0,79
29368201,344,2,1,0,597
29368201,345,2,0,1,53
29368201,346,2,0,1,268
29368201,347,2,0,1,132
29368201,348,2,1,0,775
29368201,349,2,0,1,641
29368201,350,2,1,0,89
29368201,351,2,1,0,120
29368201,352,2,0,1,65
29368201,353,2,0,1,258
29368201,354,2,1,0,33
29368201,355,2,0,1,156
29368201,356,2,0,1,69
29368201,357,2,1,0,144
29368201,358,2,0,1,133
29368201,359,2,1,0,133
29368201,360,2,1,0,78
30117339,1,0,0,0,1583
30117339,2,1,0,1,383
30117339,3,1,1,0,298
30117339,4,1,1,0,281
30117339,5,1,0,0,362
30117339,6,1,0,1,199
30117339,7,1,0,0,350
30117339,8,1,0,1,295
30117339,9,1,1,0,495
30117339,10,1,0,0,297
30117339,11,1,0,1,330
30117339,12,1,1,0,311
30117339,13,1,0,0,332
30117339,14,1,1,0,331
30117339,15,1,0,0,476
30117339,16,2,1,0,366
30117339,17,2,0,1,270
30117339,18,2,0,1,334
30117339,19,2,0,1,398
30117339,20,2,0,1,300
30117339,21,2,0,1,396
30117339,22,2,0,1,475
30117339,23,2,0,0,493
30117339,24,2,0,1,306
30117339,25,2,0,0,371
30117339,26,2,0,1,283
30117339,27,2,0,1,317
30117339,28,2,0,1,477
30117339,29,2,0,1,475
30117339,30,2,0,0,509
30117339,31,2,0,1,282
30117339,32,2,0,1,491
30117339,33,2,1,0,540
30117339,34,2,0,0,477
30117339,35,2,0,0,305
30117339,36,3,0,1,174
30117339,37,3,0,0,315
30117339,38,3,0,1,380
30117339,39,3,1,0,370
30117339,40,3,0,1,345
30117339,41,3,1,0,523
30117339,42,3,0,0,381
30117339,43,3,1,0,488
30117339,44,3,1,0,311
30117339,45,3,1,0,509
30117339,46,3,1,0,557
30117339,47,3,1,0,476
30117339,48,3,1,0,526
30117339,49,3,0,1,427
30117339,50,3,0,1,576
30117339,51,3,0,0,492
30117339,52,3,0,0,299
30117339,53,0,0,1,421
30117339,54,0,1,0,327
30117339,55,0,0,1,377
30117339,56,0,1,0,426
30117339,57,0,1,0,460
30117339,58,0,0,1,408
30117339,59,0,0,1,412
30117339,60,0,1,0,473
30117339,61,0,0,1,554
30117339,62,0,1,0,330
30117339,63,0,0,1,224
30117339,64,0,0,1,471
30117339,65,0,0,1,666
30117339,66,0,1,0,574
30117339,67,0,0,1,411
30117339,68,0,0,1,448
30117339,69,0,1,0,523
30117339,70,0,1,0,513
30117339,71,0,0,1,538
30117339,72,0,0,1,587
30117339,73,0,0,1,576
30117339,74,0,1,0,424
30117339,75,0,0,0,427
30117339,76,0,1,0,301
30117339,77,0,0,1,409
30117339,78,0,0,0,509
30117339,79,0,0,0,315
30117339,80,1,0,1,410
30117339,81,1,0,0,434
30117339,82,1,0,1,265
30117339,83,1,1,0,335
30117339,84,1,0,0,380
30117339,85,2,0,0,297
30117339,86,2,0,1,315
30117339,87,2,0,0,348
30117339,88,3,0,0,300
30117339,89,3,1,0,270
30117339,90,3,0,1,284
30117339,91,3,0,0,367
30117339,92,0,1,0,461
30117339,93,0,0,1,253
30117339,94,0,0,0,380
30117339,95,0,0,0,253
30117339,96,0,1,0,319
30117339,97,0,0,0,317
30117339,98,1,0,0,304
30117339,99,1,0,0,267
30117339,100,2,0,1,124
30117339,101,2,0,0,367
30117339,102,2,0,1,316
30117339,103,2,0,0,427
30117339,104,2,0,0,317
30117339,105,3,0,0,303
30117339,106,0,1,0,316
30117339,107,0,0,0,346
30117339,108,0,0,0,331
30117339,109,1,0,0,381
30117339,110,1,0,0,319
30117339,111,2,0,0,487
30117339,112,2,0,0,315
30117339,113,3,0,1,313
30117339,114,3,0,0,284
30117339,115,3,0,0,305
30117339,116,3,1,0,333
30117339,117,3,0,0,491
30117339,118,0,1,0,269
30117339,119,0,0,1,268
30117339,120,0,0,1,274
30117339,121,0,0,0,509
30117339,122,0,0,0,490
30117339,123,0,0,0,429
30117339,124,0,0,0,842
30117339,125,1,1,0,255
30117339,126,1,0,1,425
30117339,127,1,0,0,505
30117339,128,1,0,0,507
30117339,129,2,0,0,316
30117339,130,1,1,0,347
30117339,131,1,1,0,508
30117339,132,1,1,0,313
30117339,133,1,1,0,481
30117339,134,1,0,1,508
30117339,135,1,1,0,507
30117339,136,1,1,0,473
30117339,137,1,1,0,331
30117339,138,1,0,1,348
30117339,139,1,1,0,443
30117339,140,1,0,0,299
30117339,141,1,0,0,327
30117339,142,1,0,0,282
30117339,143,2,0,1,379
30117339,144,2,1,0,425
30117339,145,2,0,0,494
30117339,146,2,0,1,334
30117339,147,2,0,1,605
30117339,148,2,0,0,331
30117339,149,2,1,0,314
30117339,150,2,0,1,361
30117339,151,2,0,1,766
30117339,152,2,0,0,458
30117339,153,2,0,0,281
30117339,154,2,0,0,336
30117339,155,3,0,0,285
30117339,156,3,1,0,286
30117339,157,3,1,0,329
30117339,158,3,1,0,349
30117339,159,3,0,0,490
30117339,160,3,1,0,430
30117339,161,3,0,0,509
30117339,162,3,1,0,328
30117339,163,3,0,0,299
30117339,164,0,0,1,300
30117339,165,0,0,1,300
30117339,166,0,0,0,442
30117339,167,0,0,0,302
30117339,168,1,0,1,279
30117339,169,1,0,0,416
30117339,170,1,0,0,236
30117339,171,2,0,1,171
30117339,172,2,0,0,252
30117339,173,1,0,0,426
30117339,174,1,0,0,373
30117339,175,3,1,0,284
30117339,176,3,1,0,267
30117339,177,3,1,0,271
30117339,178,3,1,0,346
30117339,179,3,1,0,434
30117339,180,3,1,0,554
30117339,181,3,1,0,430
30117339,182,3,1,0,602
30117339,183,3,0,1,1066
30117339,184,3,1,0,1035
30117339,185,3,1,0,638
30117339,186,3,1,0,975
30117339,187,3,1,0,779
30117339,188,3,0,0,811
30117339,189,3,1,0,651
30117339,190,3,1,0,924
30117339,191,3,1,0,767
30117339,192,3,0,1,898
30117339,193,3,0,0,491
30117339,194,3,0,0,795
30117339,195,3,0,0,636
30117339,196,0,0,1,672
30117339,197,0,1,0,861
30117339,198,0,1,0,839
30117339,199,0,0,0,718
30117339,200,0,0,0,729
30117339,201,1,0,1,538
30117339,202,1,1,0,736
30117339,203,1,0,1,1018
30117339,204,1,0,0,877
30117339,205,1,0,0,862
30117339,206,2,0,1,606
30117339,207,2,1,0,761
30117339,208,2,0,0,778
30117339,209,2,0,0,845
30117339,210,1,0,1,844
30117339,211,1,0,1,827
30117339,212,1,1,0,720
30117339,213,1,0,1,795
30117339,214,1,1,0,827
30117339,215,1,0,1,799
30117339,216,1,0,1,736
30117339,217,1,1,0,618
30117339,218,1,1,0,702
30117339,219,1,0,0,825
30117339,220,2,0,0,745
30117339,221,3,1,0,556
30117339,222,3,0,0,748
30117339,223,3,0,0,668
30117339,224,0,0,0,461
30117339,225,1,1,0,395
30117339,226,1,0,0,428
30117339,227,1,0,1,477
30117339,228,1,0,1,573
30117339,229,1,1,0,572
30117339,230,1,0,1,605
30117339,231,1,1,0,669
30117339,232,1,1,0,682
30117339,233,1,1,0,1212
30117339,234,1,1,0,809
30117339,235,1,0,1,524
30117339,236,1,1,0,637
30117339,237,1,1,0,597
30117339,238,1,0,0,714
30117339,239,1,0,1,699
30117339,240,1,1,0,830
30117339,241,1,0,0,746
30117339,242,1,1,0,571
30117339,243,1,0,1,763
30117339,244,1,0,0,745
30117339,245,1,1,0,620
30117339,246,1,1,0,812
30117339,247,1,1,0,651
30117339,248,1,1,0,776
30117339,249,1,1,0,714
30117339,250,1,1,0,751
30117339,251,1,1,0,697
30117339,252,1,0,1,521
30117339,253,1,1,0,475
30117339,254,1,1,0,567
30117339,255,1,0,1,653
30117339,256,1,1,0,669
30117339,257,1,1,0,679
30117339,258,1,0,1,653
30117339,259,1,0,1,696
30117339,260,1,0,0,653
30117339,261,1,0,1,364
30117339,262,1,0,0,703
30117339,263,1,0,1,379
30117339,264,1,1,0,676
30117339,265,1,1,0,574
30117339,266,1,0,1,464
30117339,267,1,0,0,488
30117339,268,1,0,1,426
30117339,269,1,1,0,654
30117339,270,1,1,0,350
30117339,271,1,0,0,409
30117339,272,1,0,0,266
30117339,273,2,0,0,283
30117339,274,2,0,0,510
30117339,275,0,0,0,304
30117339,276,0,1,0,335
30117339,277,0,0,0,335
30117339,278,3,0,0,378
30117339,279,3,1,0,490
30117339,280,3,0,0,283
30117339,281,1,0,0,396
30117339,282,1,0,1,279
30117339,283,1,1,0,409
30117339,284,1,0,0,410
30117339,285,1,1,0,315
30117339,286,1,0,1,396
30117339,287,1,0,1,377
30117339,288,1,0,0,299
30117339,289,1,0,1,232
30117339,290,1,0,0,399
30117339,291,3,0,0,299
30117339,292,3,0,0,320
30117339,293,2,0,1,223
30117339,294,2,0,1,251
30117339,295,2,1,0,319
30117339,296,2,0,1,287
30117339,297,2,0,1,202
30117339,298,2,0,1,238
30117339,299,2,0,0,1532
30117339,300,2,0,0,285
30117339,301,0,0,1,329
30117339,302,0,0,0,280
30117339,303,0,0,0,472
30117339,304,1,1,0,482
30117339,305,1,1,0,361
30117339,306,1,0,0,503
30117339,307,1,0,1,618
30117339,308,1,1,0,566
30117339,309,1,0,1,366
30117339,310,1,0,1,298
30117339,311,1,0,0,455
30117339,312,1,1,0,158
30117339,313,1,1,0,404
30117339,314,1,0,0,299
30117339,315,1,1,0,251
30117339,316,1,0,0,152
30117339,317,2,0,0,133
30117339,318,2,0,0,109
30117339,319,3,0,0,404
30117339,320,3,1,0,296
30117339,321,3,0,0,250
30117339,322,2,0,0,289
30117339,323,2,1,0,201
30117339,324,2,0,0,293
30117339,325,1,0,1,297
30117339,326,1,0,0,228
30117339,327,0,0,1,250
30117339,328,0,0,0,156
30117339,329,0,0,1,272
30117339,330,0,0,1,284
30117339,331,0,0,0,348
30117339,332,0,0,1,187
30117339,333,0,0,1,367
30117339,334,0,1,0,294
30117339,335,0,1,0,277
30117339,336,0,0,1,283
30117339,337,0,0,1,217
30117339,338,0,1,0,282
30117339,339,0,1,0,332
30117339,340,0,0,1,263
30117339,341,0,0,1,233
30117339,342,0,0,1,309
30117339,343,0,0,1,268
30117339,344,0,1,0,249
30117339,345,0,0,1,218
30117339,346,0,1,0,234
30117339,347,0,0,1,233
30117339,348,0,0,1,237
30117339,349,0,0,0,285
30117339,350,0,1,0,125
30117339,351,0,0,1,168
30117339,352,0,0,1,218
30117339,353,0,0,1,75
30117339,354,0,0,0,273
30117339,355,1,0,1,307
30117339,356,1,0,1,237
30117339,357,1,0,1,230
30117339,358,1,1,0,285
30117339,359,1,0,0,266
30117339,360,1,0,1,95
40216437,1,2,0,0,5923
40216437,2,1,0,0,503
40216437,3,0,1,0,261
40216437,4,0,0,1,325
40216437,5,0,0,0,273
40216437,6,3,1,0,551
40216437,7,3,0,0,255
40216437,8,3,1,0,293
40216437,9,3,0,0,349
40216437,10,3,0,0,252
40216437,11,2,1,0,204
40216437,12,2,0,0,316
40216437,13,1,0,1,215
40216437,14,1,1,0,419
40216437,15,1,0,1,314
40216437,16,1,0,1,332
40216437,17,1,1,0,279
40216437,18,1,0,1,351
40216437,19,1,0,0,293
40216437,20,3,0,0,303
40216437,21,2,1,0,251
40216437,22,2,1,0,418
40216437,23,2,1,0,348
40216437,24,2,1,0,307
40216437,25,2,1,0,280
40216437,26,2,0,0,331
40216437,27,0,0,1,474
40216437,28,0,0,1,601
40216437,29,0,0,1,597
40216437,30,0,0,1,503
40216437,31,0,0,1,318
40216437,32,0,0,1,279
40216437,33,0,1,0,267
40216437,34,0,0,1,313
40216437,35,0,0,0,244
40216437,36,1,1,0,128
40216437,37,1,0,1,267
40216437,38,1,0,1,344
40216437,39,1,0,1,385
40216437,40,1,0,1,296
40216437,41,1,0,1,343
40216437,42,1,0,1,539
40216437,43,1,1,0,500
40216437,44,1,0,1,471
40216437,45,1,0,1,269
40216437,46,1,0,1,322
40216437,47,1,0,1,261
40216437,48,1,0,1,256
40216437,49,1,1,0,315
40216437,50,1,0,0,175
40216437,51,2,1,0,290
40216437,52,2,0,0,316
40216437,53,2,1,0,435
40216437,54,2,0,0,539
40216437,55,3,0,0,328
40216437,56,0,0,1,247
40216437,57,0,0,1,295
40216437,58,0,0,0,565
40216437,59,3,1,0,34
40216437,60,3,0,0,343
40216437,61,2,1,0,234
40216437,62,2,0,0,296
40216437,63,2,1,0,263
40216437,64,2,1,0,306
40216437,65,2,1,0,295
40216437,66,2,0,1,256
40216437,67,2,1,0,887
40216437,68,2,1,0,917
40216437,69,2,1,0,470
40216437,70,2,0,1,369
40216437,71,2,1,0,271
40216437,72,2,1,0,250
40216437,73,2,1,0,464
40216437,74,2,1,0,271
40216437,75,2,1,0,274
40216437,76,2,1,0,289
40216437,77,2,1,0,240
40216437,78,2,0,1,239
40216437,79,2,1,0,241
40216437,80,2,0,1,447
40216437,81,2,1,0,305
40216437,82,2,0,0,249
40216437,83,3,0,0,223
40216437,84,0,1,0,362
40216437,85,0,0,0,413
40216437,86,1,0,1,318
40216437,87,1,0,1,1125
40216437,88,1,0,0,119
40216437,89,2,1,0,337
40216437,90,2,0,0,140
40216437,91,3,0,0,303
40216437,92,0,0,1,191
40216437,93,0,0,1,818
40216437,94,0,0,1,291
40216437,95,0,0,1,317
40216437,96,0,0,1,53
40216437,97,0,0,1,203
40216437,98,0,1,0,505
40216437,99,0,1,0,295
40216437,100,0,0,0,241
40216437,101,1,0,0,278
40216437,102,2,1,0,117
40216437,103,2,1,0,473
40216437,104,2,1,0,290
40216437,105,2,1,0,303
40216437,106,2,1,0,364
40216437,107,2,1,0,506
40216437,108,2,1,0,300
40216437,109,2,1,0,560
40216437,110,2,1,0,362
40216437,111,2,0,0,588
40216437,112,3,0,0,337
40216437,113,0,0,1,273
40216437,114,0,0,0,304
40216437,115,1,1,0,278
40216437,116,1,0,1,382
40216437,117,1,0,1,324
40216437,118,1,0,1,638
40216437,119,1,0,1,362
40216437,120,1,0,1,664
40216437,121,1,0,1,273
40216437,122,1,0,1,369
40216437,123,1,0,1,303
40216437,124,1,0,1,244
40216437,125,1,0,1,507
40216437,126,1,0,1,988
40216437,127,1,0,1,362
40216437,128,1,0,1,289
40216437,129,1,0,1,297
40216437,130,1,0,1,271
40216437,131,1,0,0,318
40216437,132,2,0,0,317
40216437,133,3,1,0,128
40216437,134,3,0,0,705
40216437,135,0,0,1,421
40216437,136,0,0,0,356
40216437,137,1,0,1,274
40216437,138,1,0,1,618
40216437,139,1,0,1,673
40216437,140,1,1,0,286
40216437,141,2,0,0,391
40216437,142,1,0,0,156
40216437,143,0,0,0,266
40216437,144,3,0,0,259
40216437,145,2,0,0,462
40216437,146,1,0,0,264
40216437,147,1,0,1,302
40216437,148,1,0,0,696
40216437,149,0,0,0,326
40216437,150,1,0,1,263
40216437,151,1,0,1,645
40216437,152,1,0,0,567
40216437,153,2,0,0,238
40216437,154,3,1,0,68
40216437,155,3,1,0,440
40216437,156,3,0,0,470
40216437,157,0,0,0,289
40216437,158,1,0,0,270
40216437,159,2,0,0,430
40216437,160,3,0,1,285
40216437,161,3,0,0,352
40216437,162,3,0,0,408
40216437,163,0,0,0,308
40216437,164,1,1,0,326
40216437,165,1,0,1,244
40216437,166,1,0,1,145
40216437,167,1,0,1,561
40216437,168,1,1,0,265
40216437,169,1,1,0,289
40216437,170,1,0,0,516
40216437,171,2,1,0,233
40216437,172,2,0,1,304
40216437,173,2,0,0,750
40216437,174,1,0,1,5
40216437,175,1,0,0,409
40216437,176,0,0,1,561
40216437,177,0,0,0,293
40216437,178,0,0,0,364
40216437,179,3,0,0,2
40216437,180,2,1,0,242
40216437,181,2,0,0,395
40216437,182,1,0,1,400
40216437,183,1,0,1,301
40216437,184,1,0,1,258
40216437,185,1,0,0,542
40216437,186,2,1,0,272
40216437,187,2,0,0,467
40216437,188,1,0,0,172
40216437,189,0,0,0,352
40216437,190,3,0,0,247
40216437,191,2,0,0,270
40216437,192,1,0,0,173
40216437,193,0,0,1,161
40216437,194,0,0,1,448
40216437,195,0,0,0,345
40216437,196,3,1,0,365
40216437,197,3,1,0,273
40216437,198,3,1,0,321
40216437,199,3,0,0,294
40216437,200,0,0,0,154
40216437,201,3,0,1,124
40216437,202,3,1,0,210
40216437,203,3,0,0,170
40216437,204,0,1,0,142
40216437,205,0,0,0,300
40216437,206,1,1,0,299
40216437,207,1,0,1,251
40216437,208,1,0,0,311
40216437,209,2,0,0,247
40216437,210,1,0,1,55
40216437,211,1,0,1,159
40216437,212,1,0,0,306
40216437,213,0,0,1,80
40216437,214,0,0,1,311
40216437,215,0,0,1,264
40216437,216,0,0,0,751
40216437,217,0,0,1,283
40216437,218,0,0,0,347
40216437,219,1,1,0,161
40216437,220,1,0,1,292
40216437,221,1,0,1,209
40216437,222,1,0,1,252
40216437,223,1,0,0,1014
40216437,224,2,0,0,654
40216437,225,3,1,0,58
40216437,226,3,0,1,288
40216437,227,3,1,0,268
40216437,228,3,1,0,267
40216437,229,3,1,0,299
40216437,230,3,0,1,303
40216437,231,3,0,0,1837
40216437,232,0,1,0,255
40216437,233,0,1,0,314
40216437,234,0,0,1,572
40216437,235,0,0,0,269
40216437,236,1,0,0,249
40216437,237,2,0,0,552
40216437,238,3,0,1,271
40216437,239,3,0,1,349
40216437,240,3,1,0,781
40216437,241,3,1,0,340
40216437,242,3,1,0,377
40216437,243,3,0,0,392
40216437,244,0,1,0,276
40216437,245,0,0,0,305
40216437,246,1,0,0,114
40216437,247,2,1,0,287
40216437,248,2,1,0,248
40216437,249,2,1,0,294
40216437,250,2,0,1,272
40216437,251,2,1,0,103
40216437,252,2,1,0,230
40216437,253,2,0,0,182
40216437,254,3,0,0,204
40216437,255,0,0,1,648
40216437,256,0,1,0,301
40216437,257,0,1,0,39
40216437,258,0,0,1,278
40216437,259,0,1,0,282
40216437,260,0,0,1,431
40216437,261,0,0,1,60
40216437,262,0,0,1,161
40216437,263,0,0,0,316
40216437,264,1,0,0,268
40216437,265,2,1,0,266
40216437,266,2,0,1,410
40216437,267,2,1,0,348
40216437,268,2,1,0,617
40216437,269,2,0,1,142
40216437,270,2,1,0,260
40216437,271,2,0,0,559
40216437,272,3,0,1,292
40216437,273,3,0,1,289
40216437,274,3,1,0,244
40216437,275,3,1,0,263
40216437,276,3,0,1,257
40216437,277,3,1,0,344
40216437,278,3,1,0,273
40216437,279,3,0,0,239
40216437,280,0,0,1,93
40216437,281,0,1,0,294
40216437,282,0,0,0,268
40216437,283,1,0,0,303
40216437,284,2,0,1,140
40216437,285,2,0,0,317
40216437,286,3,1,0,220
40216437,287,3,0,0,281
40216437,288,0,0,1,4
40216437,289,0,0,0,359
40216437,290,1,0,0,386
40216437,291,2,0,0,145
40216437,292,0,0,0,152
40216437,293,0,0,0,195
40216437,294,3,0,0,594
40216437,295,2,0,0,294
40216437,296,1,0,0,302
40216437,297,3,0,0,118
40216437,298,3,0,0,287
40216437,299,0,0,0,278
40216437,300,1,0,0,319
40216437,301,2,0,0,110
40216437,302,1,0,0,113
40216437,303,2,0,0,321
40216437,304,3,1,0,477
40216437,305,3,0,0,959
40216437,306,0,0,1,419
40216437,307,0,0,1,354
40216437,308,0,0,1,405
40216437,309,0,0,0,597
40216437,310,3,0,0,298
40216437,311,0,0,1,172
40216437,312,0,0,1,485
40216437,313,0,0,0,496
40216437,314,0,0,1,236
40216437,315,0,0,0,681
40216437,316,0,0,0,490
40216437,317,1,0,0,324
40216437,318,2,0,0,293
40216437,319,3,0,0,228
40216437,320,0,0,0,71
40216437,321,0,0,0,441
40216437,322,3,0,0,360
40216437,323,3,0,0,318
40216437,324,2,0,0,252
40216437,325,1,0,0,354
40216437,326,1,0,0,323
40216437,327,3,1,0,337
40216437,328,3,0,0,647
40216437,329,3,0,0,635
40216437,330,0,0,0,249
40216437,331,1,0,0,319
40216437,332,2,0,0,137
40216437,333,3,0,1,467
40216437,334,3,0,1,549
40216437,335,3,0,0,307
40216437,336,3,1,0,315
40216437,337,3,1,0,403
40216437,338,3,0,1,328
40216437,339,3,0,0,416
40216437,340,3,1,0,292
40216437,341,3,0,0,308
40216437,342,3,0,0,283
40216437,343,0,0,1,237
40216437,344,0,0,0,275
40216437,345,3,1,0,249
40216437,346,3,0,0,338
40216437,347,0,0,0,136
40216437,348,2,0,0,1248
40216437,349,3,1,0,308
40216437,350,3,1,0,322
40216437,351,3,1,0,393
40216437,352,3,1,0,338
40216437,353,3,1,0,261
40216437,354,3,0,0,285
40216437,355,0,0,0,228
40216437,356,1,0,0,245
40216437,357,2,1,0,24
40216437,358,2,0,0,530
40216437,359,3,1,0,224
40216437,360,3,0,0,471
42690376,1,0,0,0,724
42690376,2,0,0,0,55
42690376,3,0,0,0,732
42690376,4,0,0,0,2071
42690376,5,0,0,1,642
42690376,6,0,0,0,1
42690376,7,0,1,0,1
42690376,8,0,0,0,58
42690376,9,0,0,0,463
42690376,10,0,0,0,690
42690376,11,0,0,1,772
42690376,12,0,1,0,59
42690376,13,0,0,0,446
42690376,14,0,0,0,191
42690376,15,0,0,0,100
42690376,16,0,0,1,822
42690376,17,0,0,0,1
42690376,18,0,0,1,1
42690376,19,0,0,1,861
42690376,20,0,0,1,5
42690376,21,0,0,1,11
42690376,22,0,0,0,252
42690376,23,0,0,1,88
42690376,24,0,0,0,106
42690376,25,0,0,1,46
42690376,26,0,0,1,43
42690376,27,0,0,1,2
42690376,28,0,0,0,0
42690376,29,0,0,0,3
42690376,30,0,0,0,14
42690376,31,0,0,0,1361
42690376,32,0,0,1,407
42690376,33,0,0,1,262
42690376,34,0,0,0,157
42690376,35,0,0,1,329
42690376,36,0,0,1,57
42690376,37,0,0,1,991
42690376,38,0,1,0,0
42690376,39,0,1,0,15
42690376,40,0,0,1,5
42690376,41,0,0,0,338
42690376,42,0,0,1,3
42690376,43,0,0,0,82
42690376,44,0,0,1,65
42690376,45,0,0,1,325
42690376,46,0,0,1,755
42690376,47,0,0,1,269
42690376,48,0,0,0,0
42690376,49,0,1,0,4
42690376,50,0,0,0,3
42690376,51,0,0,0,140
42690376,52,0,1,0,131
42690376,53,0,0,1,1268
42690376,54,0,0,1,248
42690376,55,0,0,1,39
42690376,56,0,0,1,311
42690376,57,0,0,1,56
42690376,58,0,0,0,107
42690376,59,0,0,1,158
42690376,60,0,1,0,73
42690376,61,0,0,1,135
42690376,62,0,0,0,5
42690376,63,0,0,0,252
42690376,64,0,0,1,51
42690376,65,0,0,0,844
42690376,66,0,0,0,218
42690376,67,0,0,0,139
42690376,68,1,1,0,140
42690376,69,1,1,0,154
42690376,70,0,0,0,4
42690376,71,1,1,0,3
42690376,72,1,0,1,7
42690376,73,1,1,0,128
42690376,74,0,0,1,2
42690376,75,1,0,1,80
42690376,76,1,1,0,60
42690376,77,1,0,1,107
42690376,78,1,0,0,15
42690376,79,1,0,1,149
42690376,80,1,1,0,48
42690376,81,1,1,0,207
42690376,82,1,0,1,384
42690376,83,1,1,0,35
42690376,84,1,0,1,3
42690376,85,2,0,0,51
42690376,86,1,1,0,105
42690376,87,1,0,1,197
42690376,88,1,0,1,101
42690376,89,1,0,1,200
42690376,90,1,1,0,158
42690376,91,2,1,0,98
42690376,92,2,1,0,6
42690376,93,1,1,0,149
42690376,94,1,1,0,2
42690376,95,2,0,0,2
42690376,96,2,1,0,39
42690376,97,2,0,1,126
42690376,98,3,0,1,136
42690376,99,1,0,1,116
42690376,100,0,0,0,86
42690376,101,0,0,1,96
42690376,102,1,1,0,187
42690376,103,1,0,1,60
42690376,104,1,0,1,47
42690376,105,1,0,1,29
42690376,106,1,1,0,66
42690376,107,1,1,0,1010
42690376,108,1,0,1,50
42690376,109,1,1,0,181
42690376,110,1,0,1,62
42690376,111,1,1,0,169
42690376,112,1,1,0,41
42690376,113,1,1,0,49
42690376,114,2,0,0,479
42690376,115,2,0,0,13
42690376,116,2,0,0,902
42690376,117,2,0,0,17
42690376,118,2,1,0,8
42690376,119,2,0,0,49
42690376,120,2,0,0,100
42690376,121,2,0,0,243
42690376,122,2,0,0,15
42690376,123,2,0,0,7
42690376,124,2,0,0,0
42690376,125,2,0,0,156
42690376,126,2,0,0,80
42690376,127,2,0,0,76
42690376,128,2,0,0,151
42690376,129,2,1,0,10
42690376,130,1,0,0,13103
42690376,131,2,0,0,13855
42690376,132,2,0,0,1611
42690376,133,2,0,0,405
42690376,134,2,0,0,277
42690376,135,2,0,0,569
42690376,136,2,0,0,310
42690376,137,2,0,0,3
42690376,138,2,0,0,1
42690376,139,2,0,0,0
42690376,140,2,0,0,222
42690376,141,2,0,0,3
42690376,142,2,1,0,164
42690376,143,2,1,0,198
42690376,144,2,0,0,13
42690376,145,1,0,0,269
42690376,146,2,0,0,96
42690376,147,2,1,0,32
42690376,148,2,1,0,78
42690376,149,2,0,0,95
42690376,150,2,1,0,94
42690376,151,2,0,0,568
42690376,152,2,0,0,15
42690376,153,2,0,1,110
42690376,154,2,0,0,390
42690376,155,2,1,0,1728
42690376,156,1,0,0,612
42690376,157,2,1,0,874
42690376,158,2,0,0,9
42690376,159,1,0,0,5
42690376,160,2,1,0,0
42690376,161,2,0,0,161
42690376,162,2,0,0,16
42690376,163,1,0,0,63
42690376,164,2,0,0,162
42690376,165,1,0,0,5
42690376,166,2,1,0,47
42690376,167,1,0,0,237
42690376,168,2,1,0,4
42690376,169,1,0,0,3
42690376,170,1,0,1,44
42690376,171,1,0,0,16
42690376,172,1,0,0,28
42690376,173,1,1,0,124
42690376,174,1,0,0,103
42690376,175,1,0,1,101
42690376,176,1,0,0,156
42690376,177,2,1,0,125
42690376,178,2,1,0,121
42690376,179,1,0,1,115
42690376,180,1,0,0,29
42690376,181,2,0,1,2
42690376,182,2,1,0,4
42690376,183,2,0,0,58
42690376,184,2,0,0,24
42690376,185,2,0,0,5
42690376,186,2,1,0,16
42690376,187,2,0,0,120
42690376,188,2,0,0,125
42690376,189,2,0,0,226
42690376,190,2,0,1,56
42690376,191,2,0,1,128
42690376,192,2,0,0,4
42690376,193,2,1,0,130
42690376,194,1,0,0,99
42690376,195,1,0,1,64
42690376,196,1,0,1,519
42690376,197,1,0,1,123
42690376,198,2,0,0,174
42690376,199,2,1,0,332
42690376,200,2,0,0,14
42690376,201,2,0,0,0
42690376,202,2,0,0,39
42690376,203,1,0,1,1629
42690376,204,1,1,0,1168
42690376,205,1,1,0,2
42690376,206,1,1,0,196
42690376,207,1,0,1,3
42690376,208,1,0,0,189
42690376,209,1,0,1,26
42690376,210,1,0,1,114
42690376,211,2,1,0,106
42690376,212,2,0,0,54
42690376,213,2,0,0,220
42690376,214,2,0,0,49
42690376,215,2,0,0,142
42690376,216,2,1,0,81
42690376,217,2,1,0,95
42690376,218,2,1,0,77
42690376,219,2,1,0,172
42690376,220,2,0,0,59
42690376,221,1,0,0,112
42690376,222,1,0,0,153
42690376,223,1,0,0,187
42690376,224,1,1,0,17
42690376,225,1,0,0,3
42690376,226,1,0,0,219
42690376,227,1,0,0,889
42690376,228,1,0,0,38
42690376,229,1,0,0,2
42690376,230,1,0,1,3
42690376,231,1,0,0,183
42690376,232,1,0,1,45
42690376,233,1,0,0,65
42690376,234,1,0,0,103
42690376,235,1,0,0,3
42690376,236,2,1,0,3
42690376,237,2,0,0,57
42690376,238,2,1,0,3
42690376,239,2,1,0,64
42690376,240,2,0,1,5
42690376,241,2,0,1,3
42690376,242,2,1,0,52
42690376,243,2,1,0,110
42690376,244,2,0,0,149
42690376,245,2,1,0,84
42690376,246,2,0,0,162
42690376,247,2,1,0,176
42690376,248,1,0,0,55
42690376,249,2,0,0,111
42690376,250,2,0,0,3
42690376,251,1,0,0,3
42690376,252,1,0,0,62
42690376,253,1,0,0,164
42690376,254,1,0,0,127
42690376,255,1,0,1,76
42690376,256,1,0,0,135
42690376,257,1,0,0,168
42690376,258,1,0,0,108
42690376,259,1,0,0,66
42690376,260,1,0,0,67
42690376,261,1,0,0,99
42690376,262,1,0,0,0
42690376,263,1,0,0,1
42690376,264,2,0,0,35
42690376,265,2,0,0,59
42690376,266,2,0,0,163
42690376,267,2,0,0,54
42690376,268,2,1,0,46
42690376,269,2,0,1,22
42690376,270,2,1,0,216
42690376,271,2,0,1,8
42690376,272,1,0,0,12
42690376,273,1,0,0,26
42690376,274,1,0,0,1082
42690376,275,1,1,0,3
42690376,276,1,0,0,4
42690376,277,1,1,0,27
42690376,278,1,0,0,240
42690376,279,1,0,0,105
42690376,280,1,0,0,121
42690376,281,2,1,0,191
42690376,282,2,0,0,68
42690376,283,2,1,0,139
42690376,284,2,1,0,2
42690376,285,2,0,0,60
42690376,286,2,0,1,35
42690376,287,2,0,0,101
42690376,288,2,1,0,71
42690376,289,2,1,0,4
42690376,290,2,0,0,90
42690376,291,2,0,0,15
42690376,292,2,0,0,3
42690376,293,2,1,0,42
42690376,294,2,0,0,176
42690376,295,2,1,0,29
42690376,296,2,0,0,90
42690376,297,2,0,0,3
42690376,298,2,0,0,93
42690376,299,1,0,0,94
42690376,300,1,0,0,57
42690376,301,1,0,0,124
42690376,302,1,0,0,74
42690376,303,1,0,0,119
42690376,304,1,0,0,4
42690376,305,1,0,0,111
42690376,306,1,0,0,138
42690376,307,1,0,1,59
42690376,308,1,0,0,112
42690376,309,1,1,0,6
42690376,310,1,1,0,4
42690376,311,1,0,0,28
42690376,312,1,0,0,181
42690376,313,1,0,0,150
42690376,314,1,1,0,106
42690376,315,1,0,0,191
42690376,316,1,0,0,117
42690376,317,1,0,0,0
42690376,318,1,0,0,129
42690376,319,1,0,0,7
42690376,320,1,0,0,6
42690376,321,1,0,0,3
42690376,322,1,0,0,21
42690376,323,2,1,0,234
42690376,324,2,0,0,15
42690376,325,2,1,0,89
42690376,326,2,0,0,162
42690376,327,2,0,0,16
42690376,328,2,1,0,132
42690376,329,1,0,0,63
42690376,330,1,0,0,38
42690376,331,1,0,0,21
42690376,332,1,0,0,4
42690376,333,2,0,1,1
42690376,334,2,0,0,101
42690376,335,1,0,0,29
42690376,336,1,0,0,3
42690376,337,1,0,0,26
42690376,338,1,0,0,27
42690376,339,2,0,0,50
42690376,340,1,0,0,4
42690376,341,2,1,0,3
42690376,342,1,0,0,156
42690376,343,1,0,0,78
42690376,344,1,1,0,0
42690376,345,1,0,0,1
42690376,346,1,0,0,5
42690376,347,2,0,0,55
42690376,348,1,0,0,69
42690376,349,2,0,0,40
42690376,350,2,1,0,91
42690376,351,3,0,0,29
42690376,352,3,0,0,201
42690376,353,3,0,0,194
42690376,354,1,0,0,91
42690376,355,3,1,0,44
42690376,356,1,0,0,1
42690376,357,2,0,0,7
42690376,358,1,0,0,112
42690376,359,1,0,0,35
42690376,360,1,0,0,7
49684556,1,0,0,0,1355
49684556,2,0,0,0,297
49684556,3,1,0,0,265
49684556,4,1,0,1,279
49684556,5,1,0,0,382
49684556,6,1,1,0,207
49684556,7,1,0,1,264
49684556,8,1,0,0,288
49684556,9,2,0,0,229
49684556,10,2,0,0,268
49684556,11,2,0,0,198
49684556,12,3,0,0,282
49684556,13,3,0,0,348
49684556,14,1,1,0,152
49684556,15,1,0,1,231
49684556,16,1,0,1,21
49684556,17,1,0,0,320
49684556,18,1,0,1,290
49684556,19,1,0,0,311
49684556,20,1,0,1,185
49684556,21,1,0,1,478
49684556,22,1,0,0,597
49684556,23,1,1,0,470
49684556,24,1,0,1,549
49684556,25,1,0,0,552
49684556,26,1,0,0,310
49684556,27,1,1,0,457
49684556,28,0,0,1,430
49684556,29,0,0,0,553
49684556,30,0,0,0,482
49684556,31,0,1,0,527
49684556,32,0,0,0,510
49684556,33,0,0,0,329
49684556,34,2,0,1,496
49684556,35,2,1,0,493
49684556,36,2,1,0,579
49684556,37,2,0,1,563
49684556,38,2,0,0,653
49684556,39,2,1,0,552
49684556,40,2,1,0,754
49684556,41,2,1,0,562
49684556,42,2,0,1,538
49684556,43,2,0,0,572
49684556,44,2,1,0,514
49684556,45,2,0,0,749
49684556,46,2,1,0,261
49684556,47,2,0,0,459
49684556,48,3,1,0,327
49684556,49,3,0,0,530
49684556,50,3,0,1,437
49684556,51,3,1,0,561
49684556,52,3,0,0,637
49684556,53,3,0,0,542
49684556,54,3,0,1,607
49684556,55,1,0,1,508
49684556,56,1,0,0,675
49684556,57,1,0,1,397
49684556,58,1,0,0,448
49684556,59,0,0,0,325
49684556,60,0,0,0,588
49684556,61,0,0,1,374
49684556,62,0,0,0,536
49684556,63,2,0,0,374
49684556,64,2,0,0,369
49684556,65,3,0,1,624
49684556,66,3,0,0,617
49684556,67,3,0,0,727
49684556,68,1,0,1,245
49684556,69,1,0,0,913
49684556,70,1,0,0,539
49684556,71,1,0,1,416
49684556,72,1,0,0,674
49684556,73,3,0,0,349
49684556,74,3,0,1,416
49684556,75,3,0,0,645
49684556,76,3,1,0,442
49684556,77,3,0,0,827
49684556,78,3,0,1,401
49684556,79,3,1,0,701
49684556,80,3,0,0,596
49684556,81,3,1,0,382
49684556,82,3,1,0,487
49684556,83,3,1,0,502
49684556,84,3,0,0,374
49684556,85,3,0,1,680
49684556,86,3,0,1,759
49684556,87,3,1,0,611
49684556,88,3,0,1,1161
49684556,89,3,0,0,1826
49684556,90,3,1,0,1024
49684556,91,3,0,1,1771
49684556,92,3,0,1,2494
49684556,93,3,1,0,3304
49684556,94,3,0,0,2807
49684556,95,3,1,0,960
49684556,96,3,0,0,1790
49684556,97,3,0,1,404
49684556,98,3,1,0,5029
49684556,99,3,0,1,2686
49684556,100,3,0,1,733
49684556,101,3,1,0,714
49684556,102,3,0,0,1288
49684556,103,3,0,1,1013
49684556,104,3,0,1,1095
49684556,105,3,0,1,1470
49684556,106,3,0,1,1059
49684556,107,3,1,0,1578
49684556,108,3,1,0,1316
49684556,109,3,0,1,1744
49684556,110,3,0,1,1315
49684556,111,3,0,1,1384
49684556,112,3,0,1,1812
49684556,113,3,0,1,1144
49684556,114,3,0,1,1400
49684556,115,3,0,1,1259
49684556,116,3,0,1,1346
49684556,117,3,1,0,1240
49684556,118,3,0,1,1355
49684556,119,3,0,1,1178
49684556,120,3,0,1,1082
49684556,121,3,0,1,1254
49684556,122,3,0,1,875
49684556,123,3,1,0,1098
49684556,124,3,1,0,1313
49684556,125,3,1,0,1390
49684556,126,3,1,0,1188
49684556,127,3,0,0,1155
49684556,128,3,1,0,998
49684556,129,3,0,0,1259
49684556,130,3,0,1,671
49684556,131,3,0,1,820
49684556,132,3,1,0,1161
49684556,133,3,0,1,1236
49684556,134,3,0,1,1290
49684556,135,3,1,0,1212
49684556,136,3,0,1,1193
49684556,137,3,1,0,1083
49684556,138,3,0,1,1538
49684556,139,3,0,0,1339
49684556,140,3,0,0,1076
49684556,141,3,1,0,830
49684556,142,3,0,1,765
49684556,143,3,1,0,806
49684556,144,3,0,1,1054
49684556,145,3,0,1,894
49684556,146,3,0,1,952
49684556,147,3,0,1,1151
49684556,148,3,1,0,790
49684556,149,3,1,0,465
49684556,150,3,0,1,400
49684556,151,3,1,0,451
49684556,152,3,0,1,330
49684556,153,3,1,0,356
49684556,154,3,0,1,429
49684556,155,3,0,1,380
49684556,156,3,0,1,481
49684556,157,3,0,1,422
49684556,158,3,1,0,472
49684556,159,3,0,1,475
49684556,160,3,0,1,453
49684556,161,3,0,1,354
49684556,162,3,1,0,414
49684556,163,3,1,0,369
49684556,164,3,0,1,363
49684556,165,3,0,0,361
49684556,166,3,1,0,306
49684556,167,3,0,0,414
49684556,168,3,0,1,290
49684556,169,3,1,0,395
49684556,170,3,0,1,393
49684556,171,3,0,1,327
49684556,172,3,0,1,371
49684556,173,3,0,0,357
49684556,174,3,0,0,323
49684556,175,3,0,0,395
49684556,176,3,0,0,233
49684556,177,2,0,1,385
49684556,178,3,0,0,302
49684556,179,2,0,0,298
49684556,180,2,1,0,314
49684556,181,2,1,0,336
49684556,182,2,1,0,514
49684556,183,2,1,0,404
49684556,184,2,0,1,407
49684556,185,2,1,0,111
49684556,186,2,0,1,423
49684556,187,2,1,0,494
49684556,188,2,0,0,516
49684556,189,2,0,0,387
49684556,190,2,0,0,526
49684556,191,1,0,0,390
49684556,192,1,0,0,381
49684556,193,0,0,0,397
49684556,194,0,0,0,449
49684556,195,3,0,0,347
49684556,196,3,0,0,450
49684556,197,2,1,0,459
49684556,198,2,1,0,566
49684556,199,2,1,0,605
49684556,200,2,0,0,517
49684556,201,2,1,0,413
49684556,202,2,0,1,567
49684556,203,2,1,0,231
49684556,204,2,0,0,558
49684556,205,2,0,1,955
49684556,206,2,0,0,929
49684556,207,2,1,0,155
49684556,208,2,1,0,549
49684556,209,2,1,0,469
49684556,210,2,0,1,959
49684556,211,2,0,0,733
49684556,212,2,1,0,385
49684556,213,2,1,0,175
49684556,214,2,0,1,460
49684556,215,2,0,0,336
49684556,216,2,0,1,329
49684556,217,2,0,1,515
49684556,218,2,1,0,456
49684556,219,2,0,0,533
49684556,220,2,0,1,288
49684556,221,2,1,0,344
49684556,222,2,1,0,378
49684556,223,2,0,0,262
49684556,224,2,1,0,366
49684556,225,2,1,0,241
49684556,226,2,0,0,671
49684556,227,2,1,0,373
49684556,228,2,0,0,634
49684556,229,2,0,0,389
49684556,230,2,0,0,591
49684556,231,1,0,1,295
49684556,232,1,0,1,531
49684556,233,1,0,0,419
49684556,234,1,0,0,411
49684556,235,1,0,0,337
49684556,236,0,0,1,297
49684556,237,0,0,1,625
49684556,238,0,1,0,325
49684556,239,0,1,0,417
49684556,240,0,0,1,686
49684556,241,0,0,0,712
49684556,242,0,0,0,408
49684556,243,0,1,0,296
49684556,244,0,1,0,586
49684556,245,0,1,0,1466
49684556,246,0,1,0,1974
49684556,247,0,0,0,1522
49684556,248,0,0,0,1679
49684556,249,0,0,0,1066
49684556,250,3,0,0,577
49684556,251,3,0,0,397
49684556,252,3,0,0,366
49684556,253,1,0,1,845
49684556,254,1,0,0,777
49684556,255,1,0,1,408
49684556,256,1,0,0,1048
49684556,257,1,0,1,558
49684556,258,1,0,1,1036
49684556,259,1,0,0,1213
49684556,260,2,1,0,274
49684556,261,2,0,0,558
49684556,262,2,0,1,964
49684556,263,2,1,0,828
49684556,264,2,0,0,882
49684556,265,2,1,0,674
49684556,266,2,0,0,410
49684556,267,2,0,0,738
49684556,268,1,1,0,642
49684556,269,1,0,0,790
49684556,270,1,0,0,830
49684556,271,0,1,0,665
49684556,272,0,0,0,890
49684556,273,0,0,0,793
49684556,274,0,0,0,622
49684556,275,1,0,0,335
49684556,276,1,0,0,738
49684556,277,1,0,0,440
49684556,278,2,0,0,700
49684556,279,2,1,0,634
49684556,280,2,0,0,673
49684556,281,2,1,0,1058
49684556,282,2,0,0,1167
49684556,283,3,0,0,370
49684556,284,3,1,0,1113
49684556,285,3,0,0,561
49684556,286,3,0,1,306
49684556,287,3,0,0,1415
49684556,288,3,0,0,742
49684556,289,1,0,0,654
49684556,290,1,0,1,690
49684556,291,1,0,0,930
49684556,292,1,0,0,824
49684556,293,1,0,0,350
49684556,294,2,0,0,301
49684556,295,2,1,0,484
49684556,296,2,0,0,726
49684556,297,2,0,0,626
49684556,298,0,1,0,342
49684556,299,0,1,0,865
49684556,300,0,0,0,698
49684556,301,0,1,0,991
49684556,302,0,0,1,951
49684556,303,0,0,0,1315
49684556,304,0,0,0,1148
49684556,305,0,0,0,735
49684556,306,0,0,0,649
49684556,307,3,0,0,601
49684556,308,3,1,0,858
49684556,309,3,1,0,859
49684556,310,3,0,1,605
49684556,311,3,1,0,1848
49684556,312,3,0,1,1422
49684556,313,3,0,1,2171
49684556,314,3,0,1,1343
49684556,315,3,0,1,1128
49684556,316,3,0,1,1074
49684556,317,3,0,1,1024
49684556,318,3,0,1,2109
49684556,319,3,0,1,1429
49684556,320,3,0,0,1239
49684556,321,3,0,1,497
49684556,322,3,1,0,920
49684556,323,3,0,0,1041
49684556,324,3,0,1,1885
49684556,325,3,0,1,3709
49684556,326,3,0,0,4163
49684556,327,3,0,1,2959
49684556,328,3,1,0,2233
49684556,329,3,0,0,1470
49684556,330,3,0,0,1406
49684556,331,3,1,0,706
49684556,332,3,0,0,1229
49684556,333,3,0,0,1253
49684556,334,3,0,1,1768
49684556,335,3,0,0,1469
49684556,336,2,0,0,474
49684556,337,2,0,0,701
49684556,338,1,0,1,358
49684556,339,1,0,0,531
49684556,340,1,0,0,567
49684556,341,0,0,0,461
49684556,342,0,0,1,797
49684556,343,0,1,0,660
49684556,344,0,0,1,1047
49684556,345,0,0,1,1387
49684556,346,0,0,0,1021
49684556,347,0,0,0,1263
49684556,348,0,0,1,1071
49684556,349,0,0,0,1735
49684556,350,0,0,0,1481
49684556,351,3,0,0,1057
49684556,352,3,0,1,1074
49684556,353,3,0,1,1273
49684556,354,3,0,0,1958
49684556,355,3,0,0,1788
49684556,356,3,0,0,527
49684556,357,1,0,1,463
49684556,358,1,0,1,1137
49684556,359,1,1,0,1308
49684556,360,1,0,1,1711
58605237,1,2,0,0,1264
58605237,2,2,0,0,452
58605237,3,3,1,0,627
58605237,4,3,0,0,578
58605237,5,3,0,0,422
58605237,6,3,1,0,454
58605237,7,3,1,0,392
58605237,8,3,0,0,458
58605237,9,3,0,0,348
58605237,10,3,0,0,402
58605237,11,3,0,1,453
58605237,12,3,0,1,510
58605237,13,3,0,1,463
58605237,14,3,1,0,469
58605237,15,3,1,0,473
58605237,16,3,0,0,412
58605237,17,3,0,0,532
58605237,18,3,0,1,572
58605237,19,3,0,0,442
58605237,20,3,1,0,484
58605237,21,3,1,0,383
58605237,22,3,1,0,514
58605237,23,3,1,0,482
58605237,24,3,0,1,477
58605237,25,3,1,0,399
58605237,26,3,1,0,474
58605237,27,3,0,1,284
58605237,28,3,0,1,610
58605237,29,3,0,0,626
58605237,30,3,0,1,1067
58605237,31,3,0,0,905
58605237,32,3,0,0,531
58605237,33,3,1,0,553
58605237,34,3,0,1,427
58605237,35,3,0,1,556
58605237,36,3,0,0,495
58605237,37,3,0,0,386
58605237,38,3,0,0,634
58605237,39,3,1,0,393
58605237,40,3,0,1,529
58605237,41,3,1,0,393
58605237,42,3,0,1,378
58605237,43,3,0,0,484
58605237,44,3,0,0,459
58605237,45,3,0,0,538
58605237,46,3,1,0,433
58605237,47,3,0,1,474
58605237,48,3,0,1,476
58605237,49,3,0,1,672
58605237,50,3,0,1,538
58605237,51,3,0,0,617
58605237,52,3,0,0,561
58605237,53,3,0,1,557
58605237,54,3,0,1,618
58605237,55,3,0,1,529
58605237,56,3,0,1,446
58605237,57,3,1,0,604
58605237,58,3,1,0,470
58605237,59,3,0,0,558
58605237,60,3,0,1,545
58605237,61,3,0,1,556
58605237,62,3,0,1,482
58605237,63,3,0,0,561
58605237,64,3,0,1,433
58605237,65,3,0,1,464
58605237,66,3,1,0,409
58605237,67,3,0,1,578
58605237,68,3,0,1,415
58605237,69,3,1,0,538
58605237,70,3,1,0,423
58605237,71,3,1,0,519
58605237,72,3,0,1,369
58605237,73,3,0,1,593
58605237,74,3,1,0,489
58605237,75,3,0,1,503
58605237,76,3,0,1,522
58605237,77,3,0,1,494
58605237,78,3,1,0,481
58605237,79,3,1,0,370
58605237,80,3,0,1,514
58605237,81,3,1,0,391
58605237,82,3,1,0,407
58605237,83,3,1,0,366
58605237,84,3,1,0,632
58605237,85,3,1,0,503
58605237,86,3,1,0,516
58605237,87,3,0,1,535
58605237,88,3,0,1,553
58605237,89,3,1,0,505
58605237,90,3,0,1,593
58605237,91,3,0,1,529
58605237,92,3,1,0,647
58605237,93,3,1,0,544
58605237,94,3,0,0,528
58605237,95,3,0,0,560
58605237,96,3,1,0,623
58605237,97,3,0,0,607
58605237,98,3,0,1,616
58605237,99,3,0,1,558
58605237,100,3,1,0,425
58605237,101,3,1,0,440
58605237,102,3,0,1,591
58605237,103,3,0,0,551
58605237,104,3,1,0,593
58605237,105,3,0,0,560
58605237,106,3,0,1,490
58605237,107,3,0,1,582
58605237,108,3,0,1,509
58605237,109,3,0,1,520
58605237,110,3,0,1,576
58605237,111,3,0,1,490
58605237,112,3,0,0,655
58605237,113,3,0,0,559
58605237,114,3,0,0,655
58605237,115,3,0,0,423
58605237,116,0,0,0,731
58605237,117,1,0,0,529
58605237,118,2,0,0,674
58605237,119,3,0,0,495
58605237,120,0,1,0,590
58605237,121,0,0,0,627
58605237,122,0,0,0,557
58605237,123,0,0,0,550
58605237,124,0,0,0,592
58605237,125,3,0,0,603
58605237,126,3,0,0,577
58605237,127,1,0,0,514
58605237,128,1,0,0,528
58605237,129,2,1,0,470
58605237,130,2,1,0,600
58605237,131,2,0,0,496
58605237,132,2,1,0,589
58605237,133,2,1,0,518
58605237,134,2,1,0,568
58605237,135,2,1,0,517
58605237,136,2,0,0,497
58605237,137,2,0,0,396
58605237,138,2,0,0,543
58605237,139,2,0,0,504
58605237,140,2,1,0,512
58605237,141,2,1,0,498
58605237,142,2,1,0,403
58605237,143,2,1,0,501
58605237,144,2,0,0,430
58605237,145,2,0,0,503
58605237,146,2,1,0,1129
58605237,147,2,1,0,625
58605237,148,2,0,0,583
58605237,149,2,0,0,437
58605237,150,2,0,0,623
58605237,151,1,0,0,462
58605237,152,1,0,0,535
58605237,153,0,0,1,586
58605237,154,0,0,0,486
58605237,155,0,0,0,518
58605237,156,0,0,0,567
58605237,157,3,0,0,605
58605237,158,2,1,0,478
58605237,159,2,1,0,422
58605237,160,2,1,0,519
58605237,161,2,0,1,424
58605237,162,2,1,0,354
58605237,163,2,0,0,552
58605237,164,2,1,0,551
58605237,165,2,1,0,583
58605237,166,2,1,0,502
58605237,167,2,1,0,505
58605237,168,2,0,1,421
58605237,169,2,0,0,565
58605237,170,2,1,0,477
58605237,171,2,1,0,582
58605237,172,2,0,0,476
58605237,173,2,0,0,554
58605237,174,2,0,1,620
58605237,175,2,0,1,556
58605237,176,2,1,0,497
58605237,177,2,1,0,481
58605237,178,2,1,0,295
58605237,179,2,0,0,436
58605237,180,2,1,0,550
58605237,181,2,1,0,460
58605237,182,2,0,0,599
58605237,183,2,0,1,505
58605237,184,2,1,0,381
58605237,185,2,0,0,408
58605237,186,2,0,0,503
58605237,187,2,1,0,436
58605237,188,2,1,0,404
58605237,189,2,0,1,477
58605237,190,2,1,0,601
58605237,191,2,1,0,348
58605237,192,2,1,0,371
58605237,193,2,1,0,509
58605237,194,2,1,0,478
58605237,195,2,1,0,516
58605237,196,2,0,1,445
58605237,197,2,0,0,418
58605237,198,2,1,0,613
58605237,199,2,1,0,556
58605237,200,2,0,0,380
58605237,201,2,0,0,683
58605237,202,2,0,0,652
58605237,203,2,1,0,556
58605237,204,2,1,0,344
58605237,205,2,1,0,577
58605237,206,2,0,0,557
58605237,207,2,1,0,502
58605237,208,2,1,0,668
58605237,209,2,1,0,478
58605237,210,2,0,0,492
58605237,211,2,0,1,548
58605237,212,2,0,0,499
58605237,213,2,1,0,373
58605237,214,2,1,0,403
58605237,215,2,0,0,348
58605237,216,2,1,0,468
58605237,217,2,0,0,400
58605237,218,2,0,0,573
58605237,219,2,0,0,642
58605237,220,1,0,0,557
58605237,221,1,0,0,521
58605237,222,0,0,1,437
58605237,223,0,1,0,383
58605237,224,0,1,0,394
58605237,225,0,1,0,444
58605237,226,0,0,0,533
58605237,227,0,0,1,562
58605237,228,0,0,0,481
58605237,229,0,0,1,569
58605237,230,0,1,0,418
58605237,231,0,0,1,606
58605237,232,0,1,0,472
58605237,233,0,0,0,395
58605237,234,0,0,1,394
58605237,235,0,0,0,494
58605237,236,0,1,0,371
58605237,237,0,0,0,428
58605237,238,0,0,1,800
58605237,239,0,0,0,1476
58605237,240,0,0,0,920
58605237,241,0,0,0,3318
58605237,242,0,1,0,10292
58605237,243,0,0,1,1282
58605237,244,0,0,0,1539
58605237,245,0,0,0,1257
58605237,246,0,1,0,4372
58605237,247,0,0,0,623
58605237,248,0,0,0,594
58605237,249,2,0,0,566
58605237,250,2,1,0,675
58605237,251,2,0,0,543
58605237,252,2,0,0,498
58605237,253,2,1,0,805
58605237,254,2,0,0,513
58605237,255,2,1,0,500
58605237,256,2,1,0,455
58605237,257,2,1,0,488
58605237,258,2,0,0,411
58605237,259,2,1,0,575
58605237,260,2,0,0,387
58605237,261,2,0,0,597
58605237,262,3,0,1,453
58605237,263,3,1,0,498
58605237,264,3,0,1,467
58605237,265,3,0,1,495
58605237,266,3,0,1,515
58605237,267,3,0,0,496
58605237,268,3,0,1,558
58605237,269,3,1,0,511
58605237,270,3,0,1,548
58605237,271,3,0,1,459
58605237,272,3,0,1,384
58605237,273,3,1,0,538
58605237,274,3,0,1,548
58605237,275,3,0,0,440
58605237,276,3,0,1,499
58605237,277,3,0,1,566
58605237,278,3,0,1,512
58605237,279,3,0,1,345
58605237,280,3,1,0,509
58605237,281,3,1,0,568
58605237,282,3,0,1,394
58605237,283,3,0,0,524
58605237,284,3,0,1,569
58605237,285,3,0,0,538
58605237,286,3,0,0,362
58605237,287,3,1,0,756
58605237,288,3,0,0,523
58605237,289,3,0,0,463
58605237,290,0,0,0,745
58605237,291,1,1,0,503
58605237,292,1,0,0,488
58605237,293,1,1,0,562
58605237,294,1,0,1,595
58605237,295,1,0,1,706
58605237,296,1,0,0,481
58605237,297,1,0,0,675
58605237,298,1,0,1,819
58605237,299,1,1,0,609
58605237,300,1,1,0,553
58605237,301,1,0,0,616
58605237,302,1,0,1,606
58605237,303,1,0,1,572
58605237,304,1,0,1,516
58605237,305,1,0,1,401
58605237,306,1,0,0,511
58605237,307,1,0,1,562
58605237,308,1,0,0,435
58605237,309,1,0,1,405
58605237,310,1,0,1,466
58605237,311,1,0,0,529
58605237,312,1,0,0,1152
58605237,313,1,0,0,1971
58605237,314,2,0,0,455
58605237,315,3,0,0,399
58605237,316,0,0,0,401
58605237,317,1,0,0,555
58605237,318,0,0,0,376
58605237,319,2,0,0,264
58605237,320,2,0,0,494
58605237,321,3,0,1,347
58605237,322,3,0,0,382
58605237,323,3,0,0,403
58605237,324,0,0,0,546
58605237,325,1,0,0,436
58605237,326,1,0,0,346
58605237,327,2,0,0,416
58605237,328,3,0,0,457
58605237,329,3,0,0,398
58605237,330,3,0,0,499
58605237,331,2,0,0,339
58605237,332,2,0,0,479
58605237,333,2,0,0,368
58605237,334,1,0,0,319
58605237,335,1,0,0,348
58605237,336,1,0,1,335
58605237,337,1,0,1,337
58605237,338,1,0,0,348
58605237,339,1,1,0,369
58605237,340,1,0,0,361
58605237,341,1,1,0,358
58605237,342,1,0,0,349
58605237,343,1,0,1,371
58605237,344,1,0,0,382
58605237,345,1,0,1,391
58605237,346,1,0,0,368
58605237,347,1,0,0,345
58605237,348,1,0,0,351
58605237,349,0,0,0,594
58605237,350,1,0,1,320
58605237,351,1,1,0,382
58605237,352,1,0,1,337
58605237,353,1,0,0,319
58605237,354,1,0,1,261
58605237,355,1,0,0,328
58605237,356,1,0,1,254
58605237,357,1,0,1,336
58605237,358,1,0,1,391
58605237,359,1,0,1,319
58605237,360,1,0,1,348
89114491,1,0,1,0,1703
89114491,2,0,0,1,704
89114491,3,0,1,0,588
89114491,4,0,0,1,703
89114491,5,0,1,0,710
89114491,6,0,0,1,737
89114491,7,0,1,0,805
89114491,8,0,0,1,650
89114491,9,0,0,0,829
89114491,10,0,0,1,595
89114491,11,0,1,0,657
89114491,12,0,1,0,666
89114491,13,0,1,0,492
89114491,14,0,0,1,692
89114491,15,0,1,0,910
89114491,16,0,1,0,754
89114491,17,0,1,0,956
89114491,18,0,1,0,766
89114491,19,0,1,0,855
89114491,20,0,1,0,740
89114491,21,0,0,0,636
89114491,22,0,1,0,648
89114491,23,0,1,0,822
89114491,24,0,1,0,684
89114491,25,0,1,0,745
89114491,26,0,0,1,706
89114491,27,0,1,0,776
89114491,28,0,0,1,793
89114491,29,0,0,1,820
89114491,30,0,1,0,728
89114491,31,0,1,0,817
89114491,32,0,0,0,871
89114491,33,0,0,0,798
89114491,34,1,0,0,1362
89114491,35,2,0,1,578
89114491,36,2,0,0,881
89114491,37,2,0,1,943
89114491,38,2,0,0,998
89114491,39,3,0,0,613
89114491,40,3,0,0,643
89114491,41,3,0,0,866
89114491,42,3,0,1,766
89114491,43,2,0,0,700
89114491,44,2,0,0,425
89114491,45,2,0,0,539
89114491,46,1,0,0,509
89114491,47,0,0,1,497
89114491,48,0,1,0,599
89114491,49,0,1,0,764
89114491,50,0,1,0,653
89114491,51,0,0,0,870
89114491,52,0,1,0,571
89114491,53,0,0,0,849
89114491,54,0,0,0,831
89114491,55,1,0,0,800
89114491,56,1,0,0,689
89114491,57,1,1,0,755
89114491,58,1,1,0,742
89114491,59,1,1,0,934
89114491,60,1,0,1,1043
89114491,61,1,0,0,1240
89114491,62,1,0,0,953
89114491,63,1,0,0,1042
89114491,64,0,1,0,1250
89114491,65,0,0,1,876
89114491,66,0,1,0,1008
89114491,67,0,0,0,1090
89114491,68,0,0,0,814
89114491,69,2,0,0,1191
89114491,70,2,0,0,845
89114491,71,2,1,0,766
89114491,72,2,0,1,797
89114491,73,2,0,0,1083
89114491,74,2,0,1,669
89114491,75,2,1,0,904
89114491,76,2,1,0,882
89114491,77,2,0,1,698
89114491,78,2,1,0,985
89114491,79,2,0,1,785
89114491,80,2,0,0,841
89114491,81,2,1,0,684
89114491,82,2,0,1,739
89114491,83,2,0,1,813
89114491,84,2,1,0,826
89114491,85,2,0,1,1065
89114491,86,2,0,1,889
89114491,87,2,0,1,795
89114491,88,2,0,1,1002
89114491,89,2,0,1,865
89114491,90,2,0,1,868
89114491,91,2,1,0,792
89114491,92,2,0,1,971
89114491,93,2,1,0,1172
89114491,94,2,1,0,888
89114491,95,2,1,0,798
89114491,96,2,0,0,938
89114491,97,2,0,0,890
89114491,98,2,0,0,1011
89114491,99,3,0,0,1052
89114491,100,3,0,0,710
89114491,101,3,0,1,979
89114491,102,3,0,0,662
89114491,103,1,0,0,697
89114491,104,1,0,0,648
89114491,105,0,0,0,695
89114491,106,0,0,0,650
89114491,107,0,1,0,587
89114491,108,0,0,0,592
89114491,109,2,0,0,404
89114491,110,2,0,0,728
89114491,111,2,0,0,809
89114491,112,2,0,0,570
89114491,113,1,0,0,445
89114491,114,1,0,0,598
89114491,115,1,0,0,612
89114491,116,1,0,0,552
89114491,117,0,0,0,457
89114491,118,0,0,0,721
89114491,119,3,0,1,561
89114491,120,3,0,0,587
89114491,121,3,0,0,570
89114491,122,3,0,0,561
89114491,123,2,0,0,805
89114491,124,2,1,0,850
89114491,125,2,0,1,594
89114491,126,2,0,0,403
89114491,127,2,0,0,648
89114491,128,2,0,0,505
89114491,129,2,0,0,491
89114491,130,0,0,0,470
89114491,131,0,0,0,444
89114491,132,0,0,0,823
89114491,133,0,0,0,720
89114491,134,1,0,0,430
89114491,135,1,0,0,472
89114491,136,1,1,0,535
89114491,137,1,0,0,835
89114491,138,3,0,0,614
89114491,139,3,0,0,662
89114491,140,2,0,0,520
89114491,141,2,0,0,310
89114491,142,1,1,0,603
89114491,143,1,0,0,586
89114491,144,1,1,0,882
89114491,145,1,1,0,846
89114491,146,1,1,0,1010
89114491,147,1,1,0,1193
89114491,148,1,0,1,873
89114491,149,1,1,0,833
89114491,150,1,0,1,853
89114491,151,1,0,0,691
89114491,152,1,1,0,568
89114491,153,1,0,0,780
89114491,154,1,0,1,610
89114491,155,1,1,0,681
89114491,156,1,0,0,1101
89114491,157,1,1,0,506
89114491,158,1,0,1,991
89114491,159,1,0,0,825
89114491,160,1,0,1,695
89114491,161,1,0,0,624
89114491,162,1,0,0,608
89114491,163,1,0,0,641
89114491,164,0,1,0,461
89114491,165,0,0,1,768
89114491,166,0,1,0,885
89114491,167,0,1,0,683
89114491,168,0,1,0,701
89114491,169,0,1,0,728
89114491,170,0,1,0,958
89114491,171,0,0,1,815
89114491,172,0,0,0,911
89114491,173,0,1,0,832
89114491,174,0,1,0,964
89114491,175,0,1,0,639
89114491,176,0,0,1,971
89114491,177,0,1,0,744
89114491,178,0,1,0,979
89114491,179,0,0,1,932
89114491,180,0,0,1,865
89114491,181,0,1,0,779
89114491,182,0,1,0,740
89114491,183,0,1,0,648
89114491,184,0,1,0,910
89114491,185,0,1,0,979
89114491,186,0,0,0,668
89114491,187,0,1,0,797
89114491,188,0,1,0,1020
89114491,189,0,0,1,1153
89114491,190,0,1,0,1031
89114491,191,0,0,0,1049
89114491,192,0,0,0,651
89114491,193,0,0,1,610
89114491,194,0,1,0,916
89114491,195,0,1,0,845
89114491,196,0,0,1,809
89114491,197,0,0,0,888
89114491,198,0,0,1,636
89114491,199,0,0,0,914
89114491,200,0,1,0,379
89114491,201,0,1,0,1116
89114491,202,0,1,0,588
89114491,203,0,1,0,936
89114491,204,0,0,0,639
89114491,205,0,0,0,645
89114491,206,0,0,0,675
89114491,207,3,0,0,499
89114491,208,3,1,0,553
89114491,209,3,0,0,766
89114491,210,3,0,0,501
89114491,211,2,0,0,453
89114491,212,2,0,1,630
89114491,213,2,1,0,657
89114491,214,2,0,0,671
89114491,215,2,0,0,550
89114491,216,1,1,0,545
89114491,217,1,1,0,637
89114491,218,1,0,1,718
89114491,219,1,0,1,675
89114491,220,1,1,0,733
89114491,221,1,1,0,567
89114491,222,1,0,0,840
89114491,223,1,1,0,688
89114491,224,1,0,1,853
89114491,225,1,0,1,680
89114491,226,1,0,0,582
89114491,227,1,1,0,623
89114491,228,1,1,0,742
89114491,229,1,1,0,623
89114491,230,1,1,0,616
89114491,231,1,0,0,571
89114491,232,1,0,1,532
89114491,233,1,0,1,454
89114491,234,1,1,0,547
89114491,235,1,1,0,684
89114491,236,1,1,0,323
89114491,237,1,0,1,567
89114491,238,1,1,0,602
89114491,239,1,1,0,375
89114491,240,1,0,1,454
89114491,241,1,1,0,501
89114491,242,1,1,0,622
89114491,243,1,1,0,347
89114491,244,1,1,0,623
89114491,245,1,0,1,568
89114491,246,1,0,1,463
89114491,247,1,0,1,637
89114491,248,1,1,0,499
89114491,249,1,1,0,597
89114491,250,1,1,0,448
89114491,251,1,0,1,618
89114491,252,1,0,1,620
89114491,253,1,1,0,377
89114491,254,1,1,0,651
89114491,255,1,0,1,706
89114491,256,1,0,0,565
89114491,257,1,0,1,622
89114491,258,1,1,0,512
89114491,259,1,1,0,379
89114491,260,1,0,1,525
89114491,261,1,0,0,437
89114491,262,1,1,0,678
89114491,263,1,0,1,469
89114491,264,1,0,1,368
89114491,265,1,1,0,492
89114491,266,1,0,1,342
89114491,267,1,0,0,356
89114491,268,1,1,0,275
89114491,269,1,1,0,261
89114491,270,1,0,1,358
89114491,271,1,1,0,657
89114491,272,1,0,0,402
89114491,273,1,1,0,405
89114491,274,1,0,0,589
89114491,275,1,0,1,412
89114491,276,0,0,0,1013
89114491,277,0,0,0,436
89114491,278,2,0,0,361
89114491,279,2,1,0,403
89114491,280,2,0,0,456
89114491,281,2,1,0,342
89114491,282,2,0,0,470
89114491,283,2,0,1,336
89114491,284,2,0,0,420
89114491,285,2,0,0,448
89114491,286,1,1,0,560
89114491,287,1,0,1,451
89114491,288,1,1,0,435
89114491,289,1,1,0,496
89114491,290,1,1,0,476
89114491,291,1,1,0,396
89114491,292,1,1,0,497
89114491,293,1,1,0,524
89114491,294,1,1,0,443
89114491,295,1,1,0,355
89114491,296,1,0,1,467
89114491,297,1,1,0,403
89114491,298,1,1,0,603
89114491,299,1,0,1,509
89114491,300,1,0,0,530
89114491,301,1,1,0,379
89114491,302,1,1,0,619
89114491,303,1,1,0,678
89114491,304,1,1,0,461
89114491,305,1,0,0,643
89114491,306,1,1,0,697
89114491,307,1,0,0,541
89114491,308,1,0,0,394
89114491,309,2,0,0,447
89114491,310,2,0,1,368
89114491,311,2,0,0,647
89114491,312,2,0,1,428
89114491,313,3,0,1,333
89114491,314,3,0,0,306
89114491,315,3,0,1,565
89114491,316,3,0,1,591
89114491,317,3,1,0,584
89114491,318,3,0,1,482
89114491,319,3,0,1,503
89114491,320,3,0,1,435
89114491,321,3,0,0,553
89114491,322,3,0,1,527
89114491,323,3,0,1,342
89114491,324,3,0,0,430
89114491,325,3,0,1,501
89114491,326,3,0,0,663
89114491,327,3,0,1,312
89114491,328,3,0,0,626
89114491,329,2,0,1,333
89114491,330,2,0,0,691
89114491,331,2,0,0,819
89114491,332,0,1,0,1041
89114491,333,0,1,0,642
89114491,334,0,1,0,720
89114491,335,0,1,0,754
89114491,336,0,1,0,776
89114491,337,0,1,0,614
89114491,338,0,1,0,494
89114491,339,0,1,0,433
89114491,340,0,1,0,625
89114491,341,0,1,0,751
89114491,342,0,0,1,640
89114491,343,0,1,0,778
89114491,344,0,1,0,784
89114491,345,0,1,0,903
89114491,346,0,1,0,768
89114491,347,0,0,1,701
89114491,348,0,0,0,827
89114491,349,0,1,0,734
89114491,350,0,0,1,923
89114491,351,0,1,0,650
89114491,352,0,1,0,770
89114491,353,0,1,0,543
89114491,354,0,0,1,827
89114491,355,0,1,0,886
89114491,356,0,1,0,801
89114491,357,0,1,0,853
89114491,358,0,0,0,735
89114491,359,0,1,0,707
89114491,360,0,1,0,752
89342659,1,0,0,1,1554
89342659,2,0,0,0,375
89342659,3,0,0,1,343
89342659,4,0,0,0,341
89342659,5,0,0,0,359
89342659,6,1,0,1,393
89342659,7,1,0,1,325
89342659,8,1,0,1,296
89342659,9,1,0,1,118
89342659,10,1,0,1,134
89342659,11,1,1,0,260
89342659,12,1,0,1,522
89342659,13,1,0,1,529
89342659,14,1,0,1,468
89342659,15,1,0,0,279
89342659,16,1,0,1,341
89342659,17,1,0,1,229
89342659,18,1,0,1,394
89342659,19,1,0,0,1249
89342659,20,1,1,0,610
89342659,21,1,1,0,639
89342659,22,1,0,1,598
89342659,23,1,0,1,394
89342659,24,1,1,0,514
89342659,25,1,0,0,452
89342659,26,1,0,1,405
89342659,27,1,1,0,789
89342659,28,1,1,0,505
89342659,29,1,1,0,1394
89342659,30,1,1,0,775
89342659,31,1,0,1,646
89342659,32,1,0,1,1191
89342659,33,1,0,1,884
89342659,34,1,1,0,549
89342659,35,1,0,1,274
89342659,36,1,0,0,361
89342659,37,1,0,0,427
89342659,38,1,0,0,434
89342659,39,0,1,0,575
89342659,40,0,0,1,357
89342659,41,0,0,1,486
89342659,42,0,1,0,311
89342659,43,0,1,0,675
89342659,44,0,0,0,551
89342659,45,0,0,1,371
89342659,46,0,0,1,340
89342659,47,0,0,0,324
89342659,48,0,0,1,408
89342659,49,0,0,0,335
89342659,50,2,0,0,372
89342659,51,2,0,0,470
89342659,52,3,1,0,292
89342659,53,3,1,0,372
89342659,54,3,1,0,417
89342659,55,3,0,1,367
89342659,56,3,1,0,292
89342659,57,3,0,1,261
89342659,58,3,1,0,374
89342659,59,3,1,0,244
89342659,60,3,1,0,139
89342659,61,3,1,0,129
89342659,62,3,1,0,220
89342659,63,3,1,0,214
89342659,64,3,1,0,260
89342659,65,3,1,0,132
89342659,66,3,1,0,483
89342659,67,3,1,0,1062
89342659,68,3,1,0,241
89342659,69,3,1,0,581
89342659,70,3,1,0,434
89342659,71,3,1,0,712
89342659,72,3,1,0,386
89342659,73,3,0,1,2
89342659,74,3,1,0,485
89342659,75,3,0,0,356
89342659,76,3,1,0,483
89342659,77,3,0,1,500
89342659,78,3,1,0,305
89342659,79,3,1,0,2
89342659,80,3,1,0,481
89342659,81,3,1,0,319
89342659,82,3,0,1,240
89342659,83,3,1,0,86
89342659,84,3,0,1,671
89342659,85,3,1,0,979
89342659,86,3,1,0,241
89342659,87,3,1,0,276
89342659,88,3,1,0,490
89342659,89,3,0,1,303
89342659,90,3,0,0,243
89342659,91,3,0,1,272
89342659,92,3,1,0,726
89342659,93,3,0,0,51
89342659,94,2,1,0,244
89342659,95,2,0,0,368
89342659,96,2,0,0,243
89342659,97,2,0,1,785
89342659,98,2,0,0,180
89342659,99,1,0,1,946
89342659,100,1,0,1,348
89342659,101,1,0,0,115
89342659,102,1,0,1,369
89342659,103,1,0,1,147
89342659,104,1,0,1,223
89342659,105,1,0,1,274
89342659,106,1,1,0,192
89342659,107,1,0,1,374
89342659,108,1,0,0,166
89342659,109,1,0,0,303
89342659,110,0,0,0,468
89342659,111,2,1,0,11
89342659,112,2,0,0,252
89342659,113,2,0,1,163
89342659,114,2,0,0,243
89342659,115,3,0,1,460
89342659,116,3,1,0,21
89342659,117,3,0,1,162
89342659,118,3,1,0,108
89342659,119,3,1,0,56
89342659,120,3,0,0,286
89342659,121,3,0,0,372
89342659,122,3,0,0,316
89342659,123,2,1,0,273
89342659,124,2,0,1,292
89342659,125,2,0,0,142
89342659,126,2,1,0,257
89342659,127,2,1,0,239
89342659,128,2,0,1,211
89342659,129,2,1,0,100
89342659,130,2,1,0,143
89342659,131,2,0,1,576
89342659,132,2,1,0,109
89342659,133,2,0,1,367
89342659,134,2,0,0,451
89342659,135,2,1,0,273
89342659,136,2,1,0,525
89342659,137,2,1,0,145
89342659,138,2,1,0,271
89342659,139,2,1,0,579
89342659,140,2,0,1,499
89342659,141,2,1,0,549
89342659,142,2,0,1,443
89342659,143,2,0,0,237
89342659,144,2,1,0,384
89342659,145,2,0,1,277
89342659,146,2,1,0,801
89342659,147,2,1,0,148
89342659,148,2,1,0,205
89342659,149,2,0,1,176
89342659,150,2,1,0,258
89342659,151,2,1,0,656
89342659,152,2,0,1,2
89342659,153,2,0,1,453
89342659,154,2,1,0,139
89342659,155,2,1,0,302
89342659,156,2,1,0,240
89342659,157,2,1,0,239
89342659,158,2,0,1,563
89342659,159,2,1,0,243
89342659,160,2,0,0,254
89342659,161,2,1,0,336
89342659,162,2,1,0,594
89342659,163,2,0,1,177
89342659,164,2,0,0,425
89342659,165,2,0,1,310
89342659,166,2,1,0,392
89342659,167,2,0,0,941
89342659,168,3,0,0,273
89342659,169,3,0,0,399
89342659,170,0,1,0,484
89342659,171,0,0,1,364
89342659,172,0,1,0,223
89342659,173,0,0,0,49
89342659,174,0,0,1,93
89342659,175,0,1,0,240
89342659,176,0,0,1,259
89342659,177,0,1,0,155
89342659,178,0,0,1,1391
89342659,179,0,1,0,16
89342659,180,0,1,0,698
89342659,181,0,0,1,519
89342659,182,0,1,0,314
89342659,183,0,0,0,145
89342659,184,0,0,1,538
89342659,185,0,0,1,175
89342659,186,0,0,0,400
89342659,187,0,0,1,452
89342659,188,0,0,0,364
89342659,189,1,0,0,348
89342659,190,1,0,0,331
89342659,191,2,0,0,288
89342659,192,2,0,0,396
89342659,193,3,0,0,1
89342659,194,3,1,0,603
89342659,195,3,0,0,300
89342659,196,3,1,0,5
89342659,197,3,0,0,322
89342659,198,0,0,1,121
89342659,199,0,0,1,338
89342659,200,0,0,1,266
89342659,201,0,0,0,465
89342659,202,0,0,0,206
89342659,203,0,0,1,253
89342659,204,0,0,0,155
89342659,205,1,0,0,4
89342659,206,1,0,0,487
89342659,207,1,0,0,575
89342659,208,2,0,1,412
89342659,209,2,0,0,416
89342659,210,2,0,0,362
89342659,211,0,0,0,1
89342659,212,3,0,0,456
89342659,213,2,1,0,89
89342659,214,2,1,0,367
89342659,215,2,0,0,480
89342659,216,2,0,0,271
89342659,217,2,1,0,192
89342659,218,2,0,0,186
89342659,219,2,0,0,140
89342659,220,2,0,1,77
89342659,221,2,0,0,106
89342659,222,2,0,0,812
89342659,223,2,1,0,430
89342659,224,2,0,1,44
89342659,225,2,0,1,417
89342659,226,2,1,0,671
89342659,227,2,1,0,462
89342659,228,2,0,0,135
89342659,229,2,1,0,751
89342659,230,2,1,0,364
89342659,231,2,0,1,298
89342659,232,2,1,0,459
89342659,233,2,1,0,284
89342659,234,2,1,0,283
89342659,235,2,0,0,296
89342659,236,2,0,1,104
89342659,237,2,1,0,316
89342659,238,2,0,1,220
89342659,239,2,1,0,140
89342659,240,2,0,0,0
89342659,241,2,0,1,532
89342659,242,2,1,0,713
89342659,243,2,0,1,428
89342659,244,2,1,0,362
89342659,245,2,1,0,349
89342659,246,2,1,0,623
89342659,247,2,0,1,728
89342659,248,2,1,0,124
89342659,249,2,1,0,456
89342659,250,2,0,1,509
89342659,251,2,1,0,524
89342659,252,2,1,0,257
89342659,253,2,1,0,309
89342659,254,2,1,0,413
89342659,255,2,1,0,557
89342659,256,2,1,0,41
89342659,257,2,0,1,267
89342659,258,2,0,1,289
89342659,259,2,1,0,197
89342659,260,2,1,0,222
89342659,261,2,1,0,78
89342659,262,2,1,0,187
89342659,263,2,0,0,15
89342659,264,2,0,1,239
89342659,265,2,1,0,278
89342659,266,2,0,1,436
89342659,267,2,0,1,123
89342659,268,2,1,0,76
89342659,269,2,0,1,121
89342659,270,2,0,1,333
89342659,271,2,0,0,118
89342659,272,2,1,0,299
89342659,273,2,0,1,420
89342659,274,2,0,1,138
89342659,275,2,0,1,525
89342659,276,2,0,0,278
89342659,277,3,0,1,395
89342659,278,3,1,0,186
89342659,279,3,1,0,364
89342659,280,3,0,0,388
89342659,281,3,1,0,59
89342659,282,3,0,1,249
89342659,283,3,0,1,312
89342659,284,3,0,0,59
89342659,285,3,0,0,107
89342659,286,3,0,0,553
89342659,287,3,1,0,277
89342659,288,3,1,0,430
89342659,289,3,0,1,180
89342659,290,3,0,0,234
89342659,291,3,0,0,157
89342659,292,0,0,0,500
89342659,293,0,0,0,363
89342659,294,1,0,0,345
89342659,295,1,0,1,218
89342659,296,1,0,0,427
89342659,297,1,0,1,136
89342659,298,1,0,0,307
89342659,299,3,0,0,701
89342659,300,3,0,0,615
89342659,301,2,1,0,428
89342659,302,2,0,1,873
89342659,303,2,0,1,380
89342659,304,2,0,0,269
89342659,305,2,1,0,615
89342659,306,2,0,0,258
89342659,307,2,0,0,1930
89342659,308,0,0,0,216
89342659,309,3,0,0,656
89342659,310,2,0,0,1700
89342659,311,3,0,0,4741
89342659,312,3,1,0,604
89342659,313,3,1,0,297
89342659,314,3,0,1,184
89342659,315,3,0,0,252
89342659,316,3,0,0,71
89342659,317,3,0,0,85
89342659,318,3,0,0,141
89342659,319,2,0,0,213
89342659,320,2,0,0,87
89342659,321,1,0,0,294
89342659,322,0,0,0,359
89342659,323,1,0,0,331
89342659,324,0,0,0,220
89342659,325,3,0,0,310
89342659,326,3,0,0,182
89342659,327,2,0,0,117
89342659,328,1,0,0,13
89342659,329,0,0,0,422
89342659,330,1,0,0,139
89342659,331,1,0,0,70
89342659,332,0,0,0,136
89342659,333,3,0,0,441
89342659,334,2,1,0,3
89342659,335,2,0,0,204
89342659,336,3,0,1,301
89342659,337,3,0,0,87
89342659,338,1,0,1,122
89342659,339,1,0,0,202
89342659,340,1,0,1,135
89342659,341,1,0,1,95
89342659,342,1,0,1,46
89342659,343,1,0,1,11
89342659,344,1,0,0,37
89342659,345,1,0,0,200
89342659,346,1,0,1,86
89342659,347,1,0,1,154
89342659,348,1,0,0,129
89342659,349,1,0,0,337
89342659,350,1,0,0,641
89342659,351,1,0,0,392
89342659,352,0,0,0,250
89342659,353,1,0,1,408
89342659,354,1,0,1,328
89342659,355,1,1,0,298
89342659,356,1,1,0,260
89342659,357,1,0,1,491
89342659,358,1,0,0,36
89342659,359,1,0,0,1893
89342659,360,1,0,0,379
